<?xml version="1.0" encoding="UTF-8"?>

<!-- generated on 10/18/22 23:37:14 by Eclipse SUMO netedit Version 1.8.0
<configuration xmlns:xsi="http://www.w3.org/2001/XMLSchema-instance" xsi:noNamespaceSchemaLocation="http://sumo.dlr.de/xsd/netconvertConfiguration.xsd">

    <output>
        <output-file value="D:\veins\sumo-1.8.0\tools\crosses\crosses.net.xml"/>
    </output>

    <processing>
        <offset.disable-normalization value="true"/>
    </processing>

    <junctions>
        <no-turnarounds value="true"/>
    </junctions>

    <report>
        <aggregate-warnings value="5"/>
    </report>

</configuration>
-->

<net version="1.6" junctionCornerDetail="5" limitTurnSpeed="5.50" xmlns:xsi="http://www.w3.org/2001/XMLSchema-instance" xsi:noNamespaceSchemaLocation="http://sumo.dlr.de/xsd/net_file.xsd">

    <location netOffset="0.00,0.00" convBoundary="-724.21,-5.38,68.52,640.93" origBoundary="10000000000.00,10000000000.00,-10000000000.00,-10000000000.00" projParameter="!"/>

    <edge id=":gneJ20_0" function="internal">
        <lane id=":gneJ20_0_0" index="0" speed="6.49" length="9.03" shape="-500.80,324.24 -503.25,324.57 -505.01,325.61 -506.06,327.35 -506.42,329.80"/>
    </edge>
    <edge id=":gneJ20_1" function="internal">
        <lane id=":gneJ20_1_0" index="0" speed="13.89" length="14.42" shape="-500.80,324.24 -515.21,324.19"/>
    </edge>
    <edge id=":gneJ20_2" function="internal">
        <lane id=":gneJ20_2_0" index="0" speed="8.04" length="14.23" shape="-500.80,324.24 -504.65,323.66 -507.40,321.99 -509.06,319.23 -509.62,315.38"/>
    </edge>
    <edge id=":gneJ20_3" function="internal">
        <lane id=":gneJ20_3_0" index="0" speed="6.56" length="9.11" shape="-506.42,315.37 -506.06,317.83 -505.00,319.60 -503.24,320.67 -500.77,321.04"/>
    </edge>
    <edge id=":gneJ20_4" function="internal">
        <lane id=":gneJ20_4_0" index="0" speed="13.89" length="14.43" shape="-506.42,315.37 -506.42,329.80"/>
    </edge>
    <edge id=":gneJ20_5" function="internal">
        <lane id=":gneJ20_5_0" index="0" speed="8.00" length="5.96" shape="-506.42,315.37 -506.96,319.22 -508.02,321.00"/>
    </edge>
    <edge id=":gneJ20_12" function="internal">
        <lane id=":gneJ20_12_0" index="0" speed="8.00" length="8.25" shape="-508.02,321.00 -508.61,321.98 -511.36,323.63 -515.21,324.19"/>
    </edge>
    <edge id=":gneJ20_6" function="internal">
        <lane id=":gneJ20_6_0" index="0" speed="6.51" length="9.04" shape="-515.22,320.99 -512.76,320.64 -511.01,319.58 -509.97,317.83 -509.62,315.38"/>
    </edge>
    <edge id=":gneJ20_7" function="internal">
        <lane id=":gneJ20_7_0" index="0" speed="13.89" length="14.45" shape="-515.22,320.99 -500.77,321.04"/>
    </edge>
    <edge id=":gneJ20_8" function="internal">
        <lane id=":gneJ20_8_0" index="0" speed="8.00" length="14.21" shape="-515.22,320.99 -511.36,321.54 -508.61,323.19 -506.96,325.94 -506.42,329.80"/>
    </edge>
    <edge id=":gneJ20_9" function="internal">
        <lane id=":gneJ20_9_0" index="0" speed="6.50" length="9.04" shape="-509.62,329.79 -509.96,327.34 -511.01,325.59 -512.76,324.54 -515.21,324.19"/>
    </edge>
    <edge id=":gneJ20_10" function="internal">
        <lane id=":gneJ20_10_0" index="0" speed="13.89" length="14.42" shape="-509.62,329.79 -509.62,315.38"/>
    </edge>
    <edge id=":gneJ20_11" function="internal">
        <lane id=":gneJ20_11_0" index="0" speed="7.99" length="5.90" shape="-509.62,329.79 -509.06,325.94 -508.02,324.22"/>
    </edge>
    <edge id=":gneJ20_13" function="internal">
        <lane id=":gneJ20_13_0" index="0" speed="7.99" length="8.31" shape="-508.02,324.22 -507.40,323.19 -504.63,321.56 -500.77,321.04"/>
    </edge>
    <edge id=":gneJ21_0" function="internal">
        <lane id=":gneJ21_0_0" index="0" speed="6.54" length="9.07" shape="-307.22,325.76 -309.68,326.12 -311.45,327.18 -312.51,328.93 -312.87,331.38"/>
    </edge>
    <edge id=":gneJ21_1" function="internal">
        <lane id=":gneJ21_1_0" index="0" speed="13.89" length="14.46" shape="-307.22,325.76 -321.68,325.73"/>
    </edge>
    <edge id=":gneJ21_2" function="internal">
        <lane id=":gneJ21_2_0" index="0" speed="7.99" length="14.22" shape="-307.22,325.76 -311.08,325.23 -313.84,323.58 -315.49,320.83 -316.03,316.97"/>
    </edge>
    <edge id=":gneJ21_3" function="internal">
        <lane id=":gneJ21_3_0" index="0" speed="6.49" length="9.03" shape="-312.83,316.97 -312.48,319.43 -311.44,321.18 -309.68,322.22 -307.23,322.56"/>
    </edge>
    <edge id=":gneJ21_4" function="internal">
        <lane id=":gneJ21_4_0" index="0" speed="13.89" length="14.41" shape="-312.83,316.97 -312.87,331.38"/>
    </edge>
    <edge id=":gneJ21_5" function="internal">
        <lane id=":gneJ21_5_0" index="0" speed="7.99" length="5.94" shape="-312.83,316.97 -313.39,320.83 -314.45,322.58"/>
    </edge>
    <edge id=":gneJ21_12" function="internal">
        <lane id=":gneJ21_12_0" index="0" speed="7.99" length="8.28" shape="-314.45,322.58 -315.05,323.58 -317.81,325.21 -321.68,325.73"/>
    </edge>
    <edge id=":gneJ21_6" function="internal">
        <lane id=":gneJ21_6_0" index="0" speed="6.49" length="9.03" shape="-321.65,322.53 -319.20,322.20 -317.44,321.17 -316.39,319.42 -316.03,316.97"/>
    </edge>
    <edge id=":gneJ21_7" function="internal">
        <lane id=":gneJ21_7_0" index="0" speed="13.89" length="14.42" shape="-321.65,322.53 -307.23,322.56"/>
    </edge>
    <edge id=":gneJ21_8" function="internal">
        <lane id=":gneJ21_8_0" index="0" speed="8.02" length="14.20" shape="-321.65,322.53 -317.80,323.11 -315.05,324.78 -313.41,327.54 -312.87,331.38"/>
    </edge>
    <edge id=":gneJ21_9" function="internal">
        <lane id=":gneJ21_9_0" index="0" speed="6.53" length="9.06" shape="-316.07,331.37 -316.41,328.92 -317.46,327.17 -319.22,326.10 -321.68,325.73"/>
    </edge>
    <edge id=":gneJ21_10" function="internal">
        <lane id=":gneJ21_10_0" index="0" speed="13.89" length="14.40" shape="-316.07,331.37 -316.03,316.97"/>
    </edge>
    <edge id=":gneJ21_11" function="internal">
        <lane id=":gneJ21_11_0" index="0" speed="8.03" length="5.91" shape="-316.07,331.37 -315.50,327.53 -314.45,325.79"/>
    </edge>
    <edge id=":gneJ21_13" function="internal">
        <lane id=":gneJ21_13_0" index="0" speed="8.03" length="8.29" shape="-314.45,325.79 -313.84,324.78 -311.09,323.13 -307.23,322.56"/>
    </edge>
    <edge id=":gneJ22_0" function="internal">
        <lane id=":gneJ22_0_0" index="0" speed="6.50" length="9.03" shape="-136.19,330.60 -136.54,328.15 -137.59,326.40 -139.35,325.36 -141.80,325.02"/>
    </edge>
    <edge id=":gneJ22_1" function="internal">
        <lane id=":gneJ22_1_0" index="0" speed="13.89" length="14.45" shape="-136.19,330.60 -136.18,316.15"/>
    </edge>
    <edge id=":gneJ22_2" function="internal">
        <lane id=":gneJ22_2_0" index="0" speed="8.03" length="14.23" shape="-136.19,330.60 -135.64,326.74 -133.99,323.98 -131.24,322.32 -127.38,321.74"/>
    </edge>
    <edge id=":gneJ22_3" function="internal">
        <lane id=":gneJ22_3_0" index="0" speed="6.54" length="9.09" shape="-127.36,324.94 -129.82,325.31 -131.58,326.37 -132.64,328.13 -132.99,330.59"/>
    </edge>
    <edge id=":gneJ22_4" function="internal">
        <lane id=":gneJ22_4_0" index="0" speed="13.89" length="14.44" shape="-127.36,324.94 -141.80,325.02"/>
    </edge>
    <edge id=":gneJ22_5" function="internal">
        <lane id=":gneJ22_5_0" index="0" speed="7.99" length="5.94" shape="-127.36,324.94 -131.23,324.41 -132.98,323.37"/>
    </edge>
    <edge id=":gneJ22_12" function="internal">
        <lane id=":gneJ22_12_0" index="0" speed="7.99" length="8.29" shape="-132.98,323.37 -133.98,322.77 -135.63,320.02 -136.18,316.15"/>
    </edge>
    <edge id=":gneJ22_6" function="internal">
        <lane id=":gneJ22_6_0" index="0" speed="6.49" length="9.03" shape="-132.98,316.16 -132.63,318.62 -131.58,320.36 -129.83,321.41 -127.38,321.74"/>
    </edge>
    <edge id=":gneJ22_7" function="internal">
        <lane id=":gneJ22_7_0" index="0" speed="13.89" length="14.43" shape="-132.98,316.16 -132.99,330.59"/>
    </edge>
    <edge id=":gneJ22_8" function="internal">
        <lane id=":gneJ22_8_0" index="0" speed="8.03" length="14.23" shape="-132.98,316.16 -133.54,320.02 -135.19,322.78 -137.95,324.45 -141.80,325.02"/>
    </edge>
    <edge id=":gneJ22_9" function="internal">
        <lane id=":gneJ22_9_0" index="0" speed="6.55" length="9.10" shape="-141.81,321.82 -139.35,321.46 -137.59,320.39 -136.53,318.62 -136.18,316.15"/>
    </edge>
    <edge id=":gneJ22_10" function="internal">
        <lane id=":gneJ22_10_0" index="0" speed="13.89" length="14.44" shape="-141.81,321.82 -127.38,321.74"/>
    </edge>
    <edge id=":gneJ22_11" function="internal">
        <lane id=":gneJ22_11_0" index="0" speed="8.00" length="5.92" shape="-141.81,321.82 -137.96,322.35 -136.22,323.39"/>
    </edge>
    <edge id=":gneJ22_13" function="internal">
        <lane id=":gneJ22_13_0" index="0" speed="8.00" length="8.28" shape="-136.22,323.39 -135.20,323.99 -133.54,326.74 -132.99,330.59"/>
    </edge>
    <edge id=":gneJ25_0" function="internal">
        <lane id=":gneJ25_0_0" index="0" speed="6.53" length="9.09" shape="-510.05,170.77 -510.41,168.30 -511.47,166.54 -513.23,165.48 -515.69,165.13"/>
    </edge>
    <edge id=":gneJ25_1" function="internal">
        <lane id=":gneJ25_1_0" index="0" speed="13.89" length="14.45" shape="-510.05,170.77 -510.11,156.32"/>
    </edge>
    <edge id=":gneJ25_2" function="internal">
        <lane id=":gneJ25_2_0" index="0" speed="7.98" length="5.92" shape="-510.05,170.77 -509.51,166.90 -508.47,165.17"/>
    </edge>
    <edge id=":gneJ25_12" function="internal">
        <lane id=":gneJ25_12_0" index="0" speed="7.98" length="8.31" shape="-508.47,165.17 -507.86,164.14 -505.10,162.51 -501.23,161.98"/>
    </edge>
    <edge id=":gneJ25_3" function="internal">
        <lane id=":gneJ25_3_0" index="0" speed="6.48" length="9.03" shape="-501.25,165.18 -503.71,165.51 -505.46,166.55 -506.51,168.30 -506.85,170.76"/>
    </edge>
    <edge id=":gneJ25_4" function="internal">
        <lane id=":gneJ25_4_0" index="0" speed="13.89" length="14.44" shape="-501.25,165.18 -515.69,165.13"/>
    </edge>
    <edge id=":gneJ25_5" function="internal">
        <lane id=":gneJ25_5_0" index="0" speed="8.05" length="14.25" shape="-501.25,165.18 -505.11,164.60 -507.87,162.93 -509.54,160.17 -510.11,156.32"/>
    </edge>
    <edge id=":gneJ25_6" function="internal">
        <lane id=":gneJ25_6_0" index="0" speed="6.57" length="9.13" shape="-506.91,156.30 -506.54,158.77 -505.47,160.54 -503.70,161.61 -501.23,161.98"/>
    </edge>
    <edge id=":gneJ25_7" function="internal">
        <lane id=":gneJ25_7_0" index="0" speed="13.89" length="14.45" shape="-506.91,156.30 -506.85,170.76"/>
    </edge>
    <edge id=":gneJ25_8" function="internal">
        <lane id=":gneJ25_8_0" index="0" speed="7.99" length="5.94" shape="-506.91,156.30 -507.44,160.16 -508.49,161.92"/>
    </edge>
    <edge id=":gneJ25_13" function="internal">
        <lane id=":gneJ25_13_0" index="0" speed="7.99" length="8.27" shape="-508.49,161.92 -509.08,162.92 -511.83,164.58 -515.69,165.13"/>
    </edge>
    <edge id=":gneJ25_9" function="internal">
        <lane id=":gneJ25_9_0" index="0" speed="6.50" length="9.03" shape="-515.69,161.93 -513.24,161.58 -511.49,160.53 -510.45,158.77 -510.11,156.32"/>
    </edge>
    <edge id=":gneJ25_10" function="internal">
        <lane id=":gneJ25_10_0" index="0" speed="13.89" length="14.46" shape="-515.69,161.93 -501.23,161.98"/>
    </edge>
    <edge id=":gneJ25_11" function="internal">
        <lane id=":gneJ25_11_0" index="0" speed="8.02" length="14.24" shape="-515.69,161.93 -511.83,162.48 -509.07,164.14 -507.41,166.89 -506.85,170.76"/>
    </edge>
    <edge id=":gneJ26_0" function="internal">
        <lane id=":gneJ26_0_0" index="0" speed="6.54" length="9.02" shape="-307.01,166.45 -309.44,166.83 -311.18,167.91 -312.22,169.67 -312.57,172.12"/>
    </edge>
    <edge id=":gneJ26_1" function="internal">
        <lane id=":gneJ26_1_0" index="0" speed="13.89" length="14.32" shape="-307.01,166.45 -321.34,166.51"/>
    </edge>
    <edge id=":gneJ26_2" function="internal">
        <lane id=":gneJ26_2_0" index="0" speed="6.95" length="10.55" shape="-307.01,166.45 -309.78,166.07 -312.63,165.00 -314.86,163.46 -315.77,161.68"/>
    </edge>
    <edge id=":gneJ26_3" function="internal">
        <lane id=":gneJ26_3_0" index="0" speed="5.46" length="6.10" shape="-312.57,161.66 -312.22,162.39 -311.19,162.89 -309.47,163.18 -307.06,163.25"/>
    </edge>
    <edge id=":gneJ26_4" function="internal">
        <lane id=":gneJ26_4_0" index="0" speed="13.89" length="10.45" shape="-312.57,161.66 -312.57,172.12"/>
    </edge>
    <edge id=":gneJ26_5" function="internal">
        <lane id=":gneJ26_5_0" index="0" speed="6.97" length="2.86" shape="-312.57,161.66 -313.46,163.46 -314.17,163.95"/>
    </edge>
    <edge id=":gneJ26_12" function="internal">
        <lane id=":gneJ26_12_0" index="0" speed="6.97" length="7.74" shape="-314.17,163.95 -315.70,165.01 -318.56,166.11 -321.34,166.51"/>
    </edge>
    <edge id=":gneJ26_6" function="internal">
        <lane id=":gneJ26_6_0" index="0" speed="5.48" length="6.16" shape="-321.31,163.31 -318.88,163.22 -317.15,162.92 -316.11,162.41 -315.77,161.68"/>
    </edge>
    <edge id=":gneJ26_7" function="internal">
        <lane id=":gneJ26_7_0" index="0" speed="13.89" length="14.25" shape="-321.31,163.31 -307.06,163.25"/>
    </edge>
    <edge id=":gneJ26_8" function="internal">
        <lane id=":gneJ26_8_0" index="0" speed="7.81" length="13.40" shape="-321.31,163.31 -318.20,164.11 -315.39,166.17 -313.35,169.00 -312.57,172.12"/>
    </edge>
    <edge id=":gneJ26_9" function="internal">
        <lane id=":gneJ26_9_0" index="0" speed="6.51" length="9.00" shape="-315.77,172.11 -316.12,169.68 -317.16,167.93 -318.90,166.87 -321.34,166.51"/>
    </edge>
    <edge id=":gneJ26_10" function="internal">
        <lane id=":gneJ26_10_0" index="0" speed="13.89" length="10.44" shape="-315.77,172.11 -315.77,161.68"/>
    </edge>
    <edge id=":gneJ26_11" function="internal">
        <lane id=":gneJ26_11_0" index="0" speed="7.84" length="4.64" shape="-315.77,172.11 -314.99,168.99 -314.17,167.84"/>
    </edge>
    <edge id=":gneJ26_13" function="internal">
        <lane id=":gneJ26_13_0" index="0" speed="7.84" length="8.77" shape="-314.17,167.84 -312.97,166.15 -310.17,164.08 -307.06,163.25"/>
    </edge>
    <edge id=":gneJ27_0" function="internal">
        <lane id=":gneJ27_0_0" index="0" speed="6.52" length="9.08" shape="-126.95,163.72 -129.40,164.07 -131.15,165.12 -132.21,166.89 -132.56,169.36"/>
    </edge>
    <edge id=":gneJ27_1" function="internal">
        <lane id=":gneJ27_1_0" index="0" speed="13.89" length="14.43" shape="-126.95,163.72 -141.38,163.81"/>
    </edge>
    <edge id=":gneJ27_2" function="internal">
        <lane id=":gneJ27_2_0" index="0" speed="8.01" length="14.19" shape="-126.95,163.72 -130.79,163.16 -133.54,161.51 -135.20,158.76 -135.75,154.91"/>
    </edge>
    <edge id=":gneJ27_3" function="internal">
        <lane id=":gneJ27_3_0" index="0" speed="6.52" length="9.04" shape="-132.55,154.91 -132.20,157.36 -131.14,159.11 -129.39,160.16 -126.94,160.52"/>
    </edge>
    <edge id=":gneJ27_4" function="internal">
        <lane id=":gneJ27_4_0" index="0" speed="13.89" length="14.45" shape="-132.55,154.91 -132.56,169.36"/>
    </edge>
    <edge id=":gneJ27_5" function="internal">
        <lane id=":gneJ27_5_0" index="0" speed="8.06" length="5.94" shape="-132.55,154.91 -133.10,158.75 -134.15,160.52"/>
    </edge>
    <edge id=":gneJ27_12" function="internal">
        <lane id=":gneJ27_12_0" index="0" speed="8.06" length="8.31" shape="-134.15,160.52 -134.75,161.52 -137.51,163.21 -141.38,163.81"/>
    </edge>
    <edge id=":gneJ27_6" function="internal">
        <lane id=":gneJ27_6_0" index="0" speed="6.58" length="9.15" shape="-141.43,160.61 -138.94,160.22 -137.17,159.14 -136.10,157.37 -135.75,154.91"/>
    </edge>
    <edge id=":gneJ27_7" function="internal">
        <lane id=":gneJ27_7_0" index="0" speed="13.89" length="14.49" shape="-141.43,160.61 -126.94,160.52"/>
    </edge>
    <edge id=":gneJ27_8" function="internal">
        <lane id=":gneJ27_8_0" index="0" speed="7.97" length="14.26" shape="-141.43,160.61 -137.54,161.11 -134.77,162.73 -133.11,165.48 -132.56,169.36"/>
    </edge>
    <edge id=":gneJ27_9" function="internal">
        <lane id=":gneJ27_9_0" index="0" speed="6.47" length="9.03" shape="-135.76,169.36 -136.11,166.90 -137.16,165.15 -138.91,164.13 -141.38,163.81"/>
    </edge>
    <edge id=":gneJ27_10" function="internal">
        <lane id=":gneJ27_10_0" index="0" speed="13.89" length="14.44" shape="-135.76,169.36 -135.75,154.91"/>
    </edge>
    <edge id=":gneJ27_11" function="internal">
        <lane id=":gneJ27_11_0" index="0" speed="8.01" length="5.95" shape="-135.76,169.36 -135.20,165.48 -134.16,163.74"/>
    </edge>
    <edge id=":gneJ27_13" function="internal">
        <lane id=":gneJ27_13_0" index="0" speed="8.01" length="8.30" shape="-134.16,163.74 -133.54,162.72 -130.79,161.06 -126.94,160.52"/>
    </edge>
    <edge id=":gneJ6_0" function="internal">
        <lane id=":gneJ6_0_0" index="0" speed="6.51" length="9.03" shape="-510.05,502.34 -510.40,499.89 -511.45,498.14 -513.20,497.09 -515.65,496.74"/>
    </edge>
    <edge id=":gneJ6_1" function="internal">
        <lane id=":gneJ6_1_0" index="0" speed="13.89" length="14.41" shape="-510.05,502.34 -510.03,487.92"/>
    </edge>
    <edge id=":gneJ6_2" function="internal">
        <lane id=":gneJ6_2_0" index="0" speed="8.01" length="14.20" shape="-510.05,502.34 -509.50,498.49 -507.84,495.74 -505.09,494.09 -501.24,493.54"/>
    </edge>
    <edge id=":gneJ6_3" function="internal">
        <lane id=":gneJ6_3_0" index="0" speed="6.51" length="9.04" shape="-501.24,496.74 -503.69,497.09 -505.44,498.14 -506.50,499.89 -506.85,502.34"/>
    </edge>
    <edge id=":gneJ6_4" function="internal">
        <lane id=":gneJ6_4_0" index="0" speed="13.89" length="14.41" shape="-501.24,496.74 -515.65,496.74"/>
    </edge>
    <edge id=":gneJ6_5" function="internal">
        <lane id=":gneJ6_5_0" index="0" speed="8.00" length="5.93" shape="-501.24,496.74 -505.09,496.19 -506.84,495.14"/>
    </edge>
    <edge id=":gneJ6_12" function="internal">
        <lane id=":gneJ6_12_0" index="0" speed="8.00" length="8.27" shape="-506.84,495.14 -507.84,494.53 -509.48,491.78 -510.03,487.92"/>
    </edge>
    <edge id=":gneJ6_6" function="internal">
        <lane id=":gneJ6_6_0" index="0" speed="6.50" length="9.03" shape="-506.83,487.93 -506.48,490.38 -505.44,492.14 -503.69,493.19 -501.24,493.54"/>
    </edge>
    <edge id=":gneJ6_7" function="internal">
        <lane id=":gneJ6_7_0" index="0" speed="13.89" length="14.41" shape="-506.83,487.93 -506.85,502.34"/>
    </edge>
    <edge id=":gneJ6_8" function="internal">
        <lane id=":gneJ6_8_0" index="0" speed="8.01" length="14.20" shape="-506.83,487.93 -507.39,491.78 -509.04,494.54 -511.80,496.19 -515.65,496.74"/>
    </edge>
    <edge id=":gneJ6_9" function="internal">
        <lane id=":gneJ6_9_0" index="0" speed="6.52" length="9.05" shape="-515.65,493.54 -513.19,493.19 -511.44,492.13 -510.38,490.38 -510.03,487.92"/>
    </edge>
    <edge id=":gneJ6_10" function="internal">
        <lane id=":gneJ6_10_0" index="0" speed="13.89" length="14.41" shape="-515.65,493.54 -501.24,493.54"/>
    </edge>
    <edge id=":gneJ6_11" function="internal">
        <lane id=":gneJ6_11_0" index="0" speed="8.00" length="5.93" shape="-515.65,493.54 -511.80,494.09 -510.05,495.14"/>
    </edge>
    <edge id=":gneJ6_13" function="internal">
        <lane id=":gneJ6_13_0" index="0" speed="8.00" length="8.26" shape="-510.05,495.14 -509.05,495.74 -507.40,498.49 -506.85,502.34"/>
    </edge>
    <edge id=":gneJ7_0" function="internal">
        <lane id=":gneJ7_0_0" index="0" speed="6.51" length="9.04" shape="-316.61,502.34 -316.96,499.89 -318.01,498.14 -319.76,497.09 -322.21,496.74"/>
    </edge>
    <edge id=":gneJ7_1" function="internal">
        <lane id=":gneJ7_1_0" index="0" speed="13.89" length="14.42" shape="-316.61,502.34 -316.59,487.92"/>
    </edge>
    <edge id=":gneJ7_2" function="internal">
        <lane id=":gneJ7_2_0" index="0" speed="8.00" length="14.20" shape="-316.61,502.34 -316.06,498.49 -314.41,495.74 -311.66,494.09 -307.80,493.54"/>
    </edge>
    <edge id=":gneJ7_3" function="internal">
        <lane id=":gneJ7_3_0" index="0" speed="6.51" length="9.04" shape="-307.80,496.74 -310.26,497.09 -312.01,498.14 -313.06,499.89 -313.41,502.34"/>
    </edge>
    <edge id=":gneJ7_4" function="internal">
        <lane id=":gneJ7_4_0" index="0" speed="13.89" length="14.41" shape="-307.80,496.74 -322.21,496.74"/>
    </edge>
    <edge id=":gneJ7_5" function="internal">
        <lane id=":gneJ7_5_0" index="0" speed="8.00" length="5.93" shape="-307.80,496.74 -311.66,496.19 -313.40,495.14"/>
    </edge>
    <edge id=":gneJ7_12" function="internal">
        <lane id=":gneJ7_12_0" index="0" speed="8.00" length="8.27" shape="-313.40,495.14 -314.41,494.53 -316.05,491.78 -316.59,487.92"/>
    </edge>
    <edge id=":gneJ7_6" function="internal">
        <lane id=":gneJ7_6_0" index="0" speed="6.50" length="9.03" shape="-313.39,487.93 -313.05,490.38 -312.00,492.14 -310.26,493.19 -307.80,493.54"/>
    </edge>
    <edge id=":gneJ7_7" function="internal">
        <lane id=":gneJ7_7_0" index="0" speed="13.89" length="14.41" shape="-313.39,487.93 -313.41,502.34"/>
    </edge>
    <edge id=":gneJ7_8" function="internal">
        <lane id=":gneJ7_8_0" index="0" speed="8.01" length="14.20" shape="-313.39,487.93 -313.95,491.78 -315.61,494.54 -318.36,496.19 -322.21,496.74"/>
    </edge>
    <edge id=":gneJ7_9" function="internal">
        <lane id=":gneJ7_9_0" index="0" speed="6.52" length="9.05" shape="-322.21,493.54 -319.76,493.19 -318.01,492.13 -316.95,490.38 -316.59,487.92"/>
    </edge>
    <edge id=":gneJ7_10" function="internal">
        <lane id=":gneJ7_10_0" index="0" speed="13.89" length="14.41" shape="-322.21,493.54 -307.80,493.54"/>
    </edge>
    <edge id=":gneJ7_11" function="internal">
        <lane id=":gneJ7_11_0" index="0" speed="8.01" length="5.93" shape="-322.21,493.54 -318.36,494.09 -316.61,495.14"/>
    </edge>
    <edge id=":gneJ7_13" function="internal">
        <lane id=":gneJ7_13_0" index="0" speed="8.01" length="8.27" shape="-316.61,495.14 -315.61,495.74 -313.96,498.49 -313.41,502.34"/>
    </edge>
    <edge id=":gneJ8_0" function="internal">
        <lane id=":gneJ8_0_0" index="0" speed="6.51" length="9.03" shape="-135.94,502.34 -136.29,499.89 -137.34,498.14 -139.09,497.09 -141.54,496.74"/>
    </edge>
    <edge id=":gneJ8_1" function="internal">
        <lane id=":gneJ8_1_0" index="0" speed="13.89" length="14.40" shape="-135.94,502.34 -135.95,487.93"/>
    </edge>
    <edge id=":gneJ8_2" function="internal">
        <lane id=":gneJ8_2_0" index="0" speed="8.00" length="14.19" shape="-135.94,502.34 -135.39,498.49 -133.74,495.74 -130.99,494.09 -127.14,493.54"/>
    </edge>
    <edge id=":gneJ8_3" function="internal">
        <lane id=":gneJ8_3_0" index="0" speed="6.51" length="9.03" shape="-127.14,496.74 -129.59,497.09 -131.34,498.14 -132.39,499.89 -132.74,502.34"/>
    </edge>
    <edge id=":gneJ8_4" function="internal">
        <lane id=":gneJ8_4_0" index="0" speed="13.89" length="14.40" shape="-127.14,496.74 -141.54,496.74"/>
    </edge>
    <edge id=":gneJ8_5" function="internal">
        <lane id=":gneJ8_5_0" index="0" speed="8.01" length="5.93" shape="-127.14,496.74 -130.99,496.19 -132.74,495.14"/>
    </edge>
    <edge id=":gneJ8_12" function="internal">
        <lane id=":gneJ8_12_0" index="0" speed="8.01" length="8.27" shape="-132.74,495.14 -133.74,494.54 -135.40,491.79 -135.95,487.93"/>
    </edge>
    <edge id=":gneJ8_6" function="internal">
        <lane id=":gneJ8_6_0" index="0" speed="6.51" length="9.04" shape="-132.75,487.93 -132.40,490.38 -131.34,492.14 -129.59,493.19 -127.14,493.54"/>
    </edge>
    <edge id=":gneJ8_7" function="internal">
        <lane id=":gneJ8_7_0" index="0" speed="13.89" length="14.41" shape="-132.75,487.93 -132.74,502.34"/>
    </edge>
    <edge id=":gneJ8_8" function="internal">
        <lane id=":gneJ8_8_0" index="0" speed="8.00" length="14.20" shape="-132.75,487.93 -133.30,491.78 -134.94,494.54 -137.69,496.19 -141.54,496.74"/>
    </edge>
    <edge id=":gneJ8_9" function="internal">
        <lane id=":gneJ8_9_0" index="0" speed="6.50" length="9.03" shape="-141.54,493.54 -139.09,493.19 -137.34,492.14 -136.30,490.39 -135.95,487.93"/>
    </edge>
    <edge id=":gneJ8_10" function="internal">
        <lane id=":gneJ8_10_0" index="0" speed="13.89" length="14.40" shape="-141.54,493.54 -127.14,493.54"/>
    </edge>
    <edge id=":gneJ8_11" function="internal">
        <lane id=":gneJ8_11_0" index="0" speed="8.00" length="5.93" shape="-141.54,493.54 -137.69,494.09 -135.94,495.14"/>
    </edge>
    <edge id=":gneJ8_13" function="internal">
        <lane id=":gneJ8_13_0" index="0" speed="8.00" length="8.26" shape="-135.94,495.14 -134.94,495.74 -133.29,498.49 -132.74,502.34"/>
    </edge>

    <edge id="gneE10" from="gneJ7" to="gneJ6" priority="-1">
        <lane id="gneE10_0" index="0" speed="13.89" length="179.02" shape="-322.21,496.74 -501.24,496.74"/>
    </edge>
    <edge id="gneE11" from="gneJ6" to="gneJ5" priority="-1">
        <lane id="gneE11_0" index="0" speed="13.89" length="191.54" shape="-515.65,496.74 -707.19,496.74"/>
    </edge>
    <edge id="gneE12" from="gneJ6" to="gneJ10" priority="-1">
        <lane id="gneE12_0" index="0" speed="13.89" length="138.59" shape="-506.85,502.34 -506.94,640.93"/>
    </edge>
    <edge id="gneE13" from="gneJ10" to="gneJ6" priority="-1">
        <lane id="gneE13_0" index="0" speed="13.89" length="138.59" shape="-510.14,640.93 -510.05,502.34"/>
    </edge>
    <edge id="gneE17" from="gneJ7" to="gneJ15" priority="-1">
        <lane id="gneE17_0" index="0" speed="13.89" length="135.48" shape="-313.41,502.34 -313.26,637.82"/>
    </edge>
    <edge id="gneE18" from="gneJ15" to="gneJ7" priority="-1">
        <lane id="gneE18_0" index="0" speed="13.89" length="135.48" shape="-316.46,637.82 -316.61,502.34"/>
    </edge>
    <edge id="gneE20" from="gneJ8" to="gneJ18" priority="-1">
        <lane id="gneE20_0" index="0" speed="13.89" length="133.38" shape="-132.74,502.34 -132.78,635.72"/>
    </edge>
    <edge id="gneE21" from="gneJ18" to="gneJ8" priority="-1">
        <lane id="gneE21_0" index="0" speed="13.89" length="133.38" shape="-135.98,635.72 -135.94,502.34"/>
    </edge>
    <edge id="gneE23" from="gneJ6" to="gneJ20" priority="-1">
        <lane id="gneE23_0" index="0" speed="13.89" length="158.13" shape="-510.03,487.92 -509.62,329.79"/>
    </edge>
    <edge id="gneE24" from="gneJ20" to="gneJ6" priority="-1">
        <lane id="gneE24_0" index="0" speed="13.89" length="158.13" shape="-506.42,329.80 -506.83,487.93"/>
    </edge>
    <edge id="gneE25" from="gneJ7" to="gneJ21" priority="-1">
        <lane id="gneE25_0" index="0" speed="13.89" length="156.55" shape="-316.59,487.92 -316.07,331.37"/>
    </edge>
    <edge id="gneE26" from="gneJ21" to="gneJ7" priority="-1">
        <lane id="gneE26_0" index="0" speed="13.89" length="156.55" shape="-312.87,331.38 -313.39,487.93"/>
    </edge>
    <edge id="gneE27" from="gneJ8" to="gneJ22" priority="-1">
        <lane id="gneE27_0" index="0" speed="13.89" length="157.34" shape="-135.95,487.93 -136.19,330.60"/>
    </edge>
    <edge id="gneE28" from="gneJ22" to="gneJ8" priority="-1">
        <lane id="gneE28_0" index="0" speed="13.89" length="157.34" shape="-132.99,330.59 -132.75,487.93"/>
    </edge>
    <edge id="gneE29" from="gneJ20" to="gneJ23" priority="-1">
        <lane id="gneE29_0" index="0" speed="13.89" length="198.56" shape="-515.21,324.19 -713.77,324.44"/>
    </edge>
    <edge id="gneE30" from="gneJ23" to="gneJ20" priority="-1">
        <lane id="gneE30_0" index="0" speed="13.89" length="198.56" shape="-713.78,321.24 -515.22,320.99"/>
    </edge>
    <edge id="gneE31" from="gneJ20" to="gneJ21" priority="-1">
        <lane id="gneE31_0" index="0" speed="13.89" length="179.12" shape="-500.77,321.04 -321.65,322.53"/>
    </edge>
    <edge id="gneE32" from="gneJ21" to="gneJ20" priority="-1">
        <lane id="gneE32_0" index="0" speed="13.89" length="179.12" shape="-321.68,325.73 -500.80,324.24"/>
    </edge>
    <edge id="gneE33" from="gneJ21" to="gneJ22" priority="-1">
        <lane id="gneE33_0" index="0" speed="13.89" length="165.42" shape="-307.23,322.56 -141.81,321.82"/>
    </edge>
    <edge id="gneE34" from="gneJ22" to="gneJ21" priority="-1">
        <lane id="gneE34_0" index="0" speed="13.89" length="165.42" shape="-141.80,325.02 -307.22,325.76"/>
    </edge>
    <edge id="gneE35" from="gneJ22" to="gneJ24" priority="-1">
        <lane id="gneE35_0" index="0" speed="13.89" length="193.25" shape="-127.38,321.74 65.87,320.52"/>
    </edge>
    <edge id="gneE36" from="gneJ24" to="gneJ22" priority="-1">
        <lane id="gneE36_0" index="0" speed="13.89" length="193.25" shape="65.89,323.72 -127.36,324.94"/>
    </edge>
    <edge id="gneE37" from="gneJ20" to="gneJ25" priority="-1">
        <lane id="gneE37_0" index="0" speed="13.89" length="144.61" shape="-509.62,315.38 -510.05,170.77"/>
    </edge>
    <edge id="gneE38" from="gneJ25" to="gneJ20" priority="-1">
        <lane id="gneE38_0" index="0" speed="13.89" length="144.61" shape="-506.85,170.76 -506.42,315.37"/>
    </edge>
    <edge id="gneE39" from="gneJ21" to="gneJ26" priority="-1">
        <lane id="gneE39_0" index="0" speed="13.89" length="144.86" shape="-316.03,316.97 -315.77,172.11"/>
    </edge>
    <edge id="gneE4" from="gneJ5" to="gneJ6" priority="-1">
        <lane id="gneE4_0" index="0" speed="13.89" length="191.54" shape="-707.19,493.54 -515.65,493.54"/>
    </edge>
    <edge id="gneE40" from="gneJ26" to="gneJ21" priority="-1">
        <lane id="gneE40_0" index="0" speed="13.89" length="144.86" shape="-312.57,172.12 -312.83,316.97"/>
    </edge>
    <edge id="gneE41" from="gneJ22" to="gneJ27" priority="-1">
        <lane id="gneE41_0" index="0" speed="13.89" length="146.80" shape="-136.18,316.15 -135.76,169.36"/>
    </edge>
    <edge id="gneE42" from="gneJ27" to="gneJ22" priority="-1">
        <lane id="gneE42_0" index="0" speed="13.89" length="146.80" shape="-132.56,169.36 -132.98,316.16"/>
    </edge>
    <edge id="gneE43" from="gneJ25" to="gneJ28" priority="-1">
        <lane id="gneE43_0" index="0" speed="13.89" length="208.52" shape="-515.69,165.13 -724.21,165.13"/>
    </edge>
    <edge id="gneE44" from="gneJ28" to="gneJ25" priority="-1">
        <lane id="gneE44_0" index="0" speed="13.89" length="208.52" shape="-724.21,161.93 -515.69,161.93"/>
    </edge>
    <edge id="gneE45" from="gneJ25" to="gneJ26" priority="-1">
        <lane id="gneE45_0" index="0" speed="13.89" length="179.92" shape="-501.23,161.98 -321.31,163.31"/>
    </edge>
    <edge id="gneE46" from="gneJ26" to="gneJ25" priority="-1">
        <lane id="gneE46_0" index="0" speed="13.89" length="179.92" shape="-321.34,166.51 -501.25,165.18"/>
    </edge>
    <edge id="gneE5" from="gneJ6" to="gneJ7" priority="-1">
        <lane id="gneE5_0" index="0" speed="13.89" length="179.02" shape="-501.24,493.54 -322.21,493.54"/>
    </edge>
    <edge id="gneE52" from="gneJ26" to="gneJ27" priority="-1">
        <lane id="gneE52_0" index="0" speed="13.89" length="165.66" shape="-307.06,163.25 -141.43,160.61"/>
    </edge>
    <edge id="gneE53" from="gneJ27" to="gneJ26" priority="-1">
        <lane id="gneE53_0" index="0" speed="13.89" length="165.66" shape="-141.38,163.81 -307.01,166.45"/>
    </edge>
    <edge id="gneE54" from="gneJ27" to="gneJ32" priority="-1">
        <lane id="gneE54_0" index="0" speed="13.89" length="195.46" shape="-126.94,160.52 68.53,161.09"/>
    </edge>
    <edge id="gneE55" from="gneJ32" to="gneJ27" priority="-1">
        <lane id="gneE55_0" index="0" speed="13.89" length="195.46" shape="68.52,164.29 -126.95,163.72"/>
    </edge>
    <edge id="gneE56" from="gneJ25" to="gneJ33" priority="-1">
        <lane id="gneE56_0" index="0" speed="13.89" length="151.03" shape="-510.11,156.32 -510.88,5.29"/>
    </edge>
    <edge id="gneE57" from="gneJ33" to="gneJ25" priority="-1">
        <lane id="gneE57_0" index="0" speed="13.89" length="151.03" shape="-507.68,5.27 -506.91,156.30"/>
    </edge>
    <edge id="gneE6" from="gneJ7" to="gneJ8" priority="-1">
        <lane id="gneE6_0" index="0" speed="13.89" length="166.26" shape="-307.80,493.54 -141.54,493.54"/>
    </edge>
    <edge id="gneE60" from="gneJ26" to="gneJ35" priority="-1">
        <lane id="gneE60_0" index="0" speed="13.89" length="162.66" shape="-315.77,161.68 -316.05,-0.99"/>
    </edge>
    <edge id="gneE61" from="gneJ35" to="gneJ26" priority="-1">
        <lane id="gneE61_0" index="0" speed="13.89" length="162.66" shape="-312.85,-0.99 -312.57,161.66"/>
    </edge>
    <edge id="gneE62" from="gneJ27" to="gneJ36" priority="-1">
        <lane id="gneE62_0" index="0" speed="13.89" length="160.30" shape="-135.75,154.91 -135.92,-5.38"/>
    </edge>
    <edge id="gneE63" from="gneJ36" to="gneJ27" priority="-1">
        <lane id="gneE63_0" index="0" speed="13.89" length="160.30" shape="-132.72,-5.39 -132.55,154.91"/>
    </edge>
    <edge id="gneE7" from="gneJ8" to="gneJ9" priority="-1">
        <lane id="gneE7_0" index="0" speed="13.89" length="188.36" shape="-127.14,493.54 61.21,493.54"/>
    </edge>
    <edge id="gneE8" from="gneJ9" to="gneJ8" priority="-1">
        <lane id="gneE8_0" index="0" speed="13.89" length="188.36" shape="61.21,496.74 -127.14,496.74"/>
    </edge>
    <edge id="gneE9" from="gneJ8" to="gneJ7" priority="-1">
        <lane id="gneE9_0" index="0" speed="13.89" length="166.26" shape="-141.54,496.74 -307.80,496.74"/>
    </edge>

    <junction id="gneJ10" type="dead_end" x="-508.54" y="640.93" incLanes="gneE12_0" intLanes="" shape="-508.54,640.93 -505.34,640.94 -508.54,640.93"/>
    <junction id="gneJ15" type="dead_end" x="-314.86" y="637.82" incLanes="gneE17_0" intLanes="" shape="-314.86,637.82 -311.66,637.82 -314.86,637.82"/>
    <junction id="gneJ18" type="dead_end" x="-134.38" y="635.72" incLanes="gneE20_0" intLanes="" shape="-134.38,635.72 -131.18,635.72 -134.38,635.72"/>
    <junction id="gneJ20" type="priority" x="-508.00" y="322.58" incLanes="gneE32_0 gneE38_0 gneE30_0 gneE23_0" intLanes=":gneJ20_0_0 :gneJ20_1_0 :gneJ20_2_0 :gneJ20_3_0 :gneJ20_4_0 :gneJ20_12_0 :gneJ20_6_0 :gneJ20_7_0 :gneJ20_8_0 :gneJ20_9_0 :gneJ20_10_0 :gneJ20_13_0" shape="-500.81,325.84 -500.76,319.44 -503.01,318.97 -503.80,318.40 -504.37,317.61 -504.71,316.60 -504.82,315.36 -511.22,315.38 -511.66,317.61 -512.22,318.39 -512.99,318.94 -513.99,319.28 -515.22,319.39 -515.21,325.79 -512.99,326.23 -512.21,326.79 -511.66,327.56 -511.33,328.57 -511.22,329.79 -504.82,329.81 -504.37,327.59 -503.81,326.81 -503.03,326.27 -502.03,325.94">
        <request index="0"  response="000000010000" foes="000100010000" cont="0"/>
        <request index="1"  response="111000110000" foes="111100110000" cont="0"/>
        <request index="2"  response="110011110000" foes="110011110000" cont="0"/>
        <request index="3"  response="000000000000" foes="100010000000" cont="0"/>
        <request index="4"  response="000000000000" foes="100110000111" cont="0"/>
        <request index="5"  response="011000000000" foes="011110000110" cont="1"/>
        <request index="6"  response="010000000000" foes="010000000100" cont="0"/>
        <request index="7"  response="110000111000" foes="110000111100" cont="0"/>
        <request index="8"  response="110000110011" foes="110000110011" cont="0"/>
        <request index="9"  response="000000000000" foes="000000100010" cont="0"/>
        <request index="10" response="000000000000" foes="000111100110" cont="0"/>
        <request index="11" response="000000011000" foes="000110011110" cont="1"/>
    </junction>
    <junction id="gneJ21" type="priority" x="-314.44" y="324.19" incLanes="gneE34_0 gneE40_0 gneE31_0 gneE25_0" intLanes=":gneJ21_0_0 :gneJ21_1_0 :gneJ21_2_0 :gneJ21_3_0 :gneJ21_4_0 :gneJ21_12_0 :gneJ21_6_0 :gneJ21_7_0 :gneJ21_8_0 :gneJ21_9_0 :gneJ21_10_0 :gneJ21_13_0" shape="-307.21,327.36 -307.24,320.96 -309.46,320.53 -310.24,319.97 -310.79,319.20 -311.12,318.20 -311.23,316.98 -317.63,316.97 -318.08,319.18 -318.64,319.96 -319.42,320.51 -320.42,320.83 -321.64,320.93 -321.69,327.33 -319.45,327.80 -318.67,328.36 -318.11,329.14 -317.78,330.14 -317.67,331.37 -311.27,331.39 -310.81,329.16 -310.25,328.38 -309.46,327.82 -308.45,327.48">
        <request index="0"  response="000000010000" foes="000100010000" cont="0"/>
        <request index="1"  response="111000110000" foes="111100110000" cont="0"/>
        <request index="2"  response="110011110000" foes="110011110000" cont="0"/>
        <request index="3"  response="000000000000" foes="100010000000" cont="0"/>
        <request index="4"  response="000000000000" foes="100110000111" cont="0"/>
        <request index="5"  response="011000000000" foes="011110000110" cont="1"/>
        <request index="6"  response="010000000000" foes="010000000100" cont="0"/>
        <request index="7"  response="110000111000" foes="110000111100" cont="0"/>
        <request index="8"  response="110000110011" foes="110000110011" cont="0"/>
        <request index="9"  response="000000000000" foes="000000100010" cont="0"/>
        <request index="10" response="000000000000" foes="000111100110" cont="0"/>
        <request index="11" response="000000011000" foes="000110011110" cont="1"/>
    </junction>
    <junction id="gneJ22" type="priority" x="-134.60" y="323.39" incLanes="gneE27_0 gneE36_0 gneE42_0 gneE33_0" intLanes=":gneJ22_0_0 :gneJ22_1_0 :gneJ22_2_0 :gneJ22_3_0 :gneJ22_4_0 :gneJ22_12_0 :gneJ22_6_0 :gneJ22_7_0 :gneJ22_8_0 :gneJ22_9_0 :gneJ22_10_0 :gneJ22_13_0" shape="-137.79,330.60 -131.39,330.59 -130.94,328.35 -130.38,327.57 -129.59,327.00 -128.58,326.66 -127.35,326.54 -127.39,320.14 -129.61,319.71 -130.39,319.16 -130.94,318.39 -131.27,317.39 -131.38,316.17 -137.78,316.15 -138.23,318.40 -138.79,319.19 -139.58,319.76 -140.59,320.10 -141.82,320.22 -141.79,326.62 -139.57,327.05 -138.79,327.61 -138.23,328.38 -137.90,329.38">
        <request index="0"  response="000000010000" foes="000100010000" cont="0"/>
        <request index="1"  response="111000110000" foes="111100110000" cont="0"/>
        <request index="2"  response="110011110000" foes="110011110000" cont="0"/>
        <request index="3"  response="000000000000" foes="100010000000" cont="0"/>
        <request index="4"  response="000000000000" foes="100110000111" cont="0"/>
        <request index="5"  response="011000000000" foes="011110000110" cont="1"/>
        <request index="6"  response="010000000000" foes="010000000100" cont="0"/>
        <request index="7"  response="110000111000" foes="110000111100" cont="0"/>
        <request index="8"  response="110000110011" foes="110000110011" cont="0"/>
        <request index="9"  response="000000000000" foes="000000100010" cont="0"/>
        <request index="10" response="000000000000" foes="000111100110" cont="0"/>
        <request index="11" response="000000011000" foes="000110011110" cont="1"/>
    </junction>
    <junction id="gneJ23" type="dead_end" x="-713.78" y="322.84" incLanes="gneE29_0" intLanes="" shape="-713.78,322.84 -713.77,326.04 -713.78,322.84"/>
    <junction id="gneJ24" type="dead_end" x="65.88" y="322.12" incLanes="gneE35_0" intLanes="" shape="65.88,322.12 65.86,318.92 65.88,322.12"/>
    <junction id="gneJ25" type="priority" x="-508.47" y="163.53" incLanes="gneE37_0 gneE46_0 gneE57_0 gneE44_0" intLanes=":gneJ25_0_0 :gneJ25_1_0 :gneJ25_12_0 :gneJ25_3_0 :gneJ25_4_0 :gneJ25_5_0 :gneJ25_6_0 :gneJ25_7_0 :gneJ25_13_0 :gneJ25_9_0 :gneJ25_10_0 :gneJ25_11_0" shape="-511.65,170.77 -505.25,170.75 -504.81,168.53 -504.26,167.76 -503.48,167.21 -502.49,166.88 -501.26,166.78 -501.22,160.38 -503.48,159.91 -504.28,159.34 -504.85,158.55 -505.19,157.54 -505.31,156.30 -511.71,156.33 -512.14,158.55 -512.69,159.33 -513.47,159.88 -514.47,160.22 -515.69,160.33 -515.69,166.73 -513.45,167.18 -512.67,167.74 -512.11,168.52 -511.77,169.54">
        <request index="0"  response="000000000000" foes="000100010000" cont="0"/>
        <request index="1"  response="000000000000" foes="111100110000" cont="0"/>
        <request index="2"  response="000011000000" foes="110011110000" cont="1"/>
        <request index="3"  response="000010000000" foes="100010000000" cont="0"/>
        <request index="4"  response="000110000111" foes="100110000111" cont="0"/>
        <request index="5"  response="011110000110" foes="011110000110" cont="0"/>
        <request index="6"  response="000000000000" foes="010000000100" cont="0"/>
        <request index="7"  response="000000000000" foes="110000111100" cont="0"/>
        <request index="8"  response="000000000011" foes="110000110011" cont="1"/>
        <request index="9"  response="000000000010" foes="000000100010" cont="0"/>
        <request index="10" response="000111000110" foes="000111100110" cont="0"/>
        <request index="11" response="000110011110" foes="000110011110" cont="0"/>
    </junction>
    <junction id="gneJ26" type="priority" x="-314.16" y="164.96" incLanes="gneE53_0 gneE61_0 gneE45_0 gneE39_0" intLanes=":gneJ26_0_0 :gneJ26_1_0 :gneJ26_2_0 :gneJ26_3_0 :gneJ26_4_0 :gneJ26_12_0 :gneJ26_6_0 :gneJ26_7_0 :gneJ26_8_0 :gneJ26_9_0 :gneJ26_10_0 :gneJ26_13_0" shape="-306.99,168.04 -307.09,161.64 -321.30,161.70 -321.35,168.10 -319.14,168.56 -318.37,169.12 -317.81,169.90 -317.48,170.89 -317.38,172.11 -310.98,172.12 -310.53,169.88 -309.98,169.09 -309.20,168.52 -308.21,168.17" customShape="1">
        <request index="0"  response="000000010000" foes="000100010000" cont="0"/>
        <request index="1"  response="111000110000" foes="111100110000" cont="0"/>
        <request index="2"  response="110011110000" foes="110011110000" cont="0"/>
        <request index="3"  response="000000000000" foes="100010000000" cont="0"/>
        <request index="4"  response="000000000000" foes="100110000111" cont="0"/>
        <request index="5"  response="011000000000" foes="011110000110" cont="1"/>
        <request index="6"  response="010000000000" foes="010000000100" cont="0"/>
        <request index="7"  response="110000111000" foes="110000111100" cont="0"/>
        <request index="8"  response="110000110011" foes="110000110011" cont="0"/>
        <request index="9"  response="000000000000" foes="000000100010" cont="0"/>
        <request index="10" response="000000000000" foes="000111100110" cont="0"/>
        <request index="11" response="000000011000" foes="000110011110" cont="1"/>
    </junction>
    <junction id="gneJ27" type="priority" x="-134.14" y="162.10" incLanes="gneE55_0 gneE63_0 gneE52_0 gneE41_0" intLanes=":gneJ27_0_0 :gneJ27_1_0 :gneJ27_2_0 :gneJ27_3_0 :gneJ27_4_0 :gneJ27_12_0 :gneJ27_6_0 :gneJ27_7_0 :gneJ27_8_0 :gneJ27_9_0 :gneJ27_10_0 :gneJ27_13_0" shape="-126.95,165.32 -126.93,158.92 -129.16,158.47 -129.94,157.91 -130.50,157.13 -130.84,156.13 -130.95,154.91 -137.35,154.92 -137.80,157.16 -138.37,157.96 -139.17,158.53 -140.20,158.88 -141.45,159.01 -141.35,165.41 -139.13,165.82 -138.35,166.37 -137.80,167.14 -137.47,168.13 -137.36,169.35 -130.96,169.37 -130.51,167.11 -129.95,166.33 -129.17,165.76 -128.17,165.43">
        <request index="0"  response="000000010000" foes="000100010000" cont="0"/>
        <request index="1"  response="111000110000" foes="111100110000" cont="0"/>
        <request index="2"  response="110011110000" foes="110011110000" cont="0"/>
        <request index="3"  response="000000000000" foes="100010000000" cont="0"/>
        <request index="4"  response="000000000000" foes="100110000111" cont="0"/>
        <request index="5"  response="011000000000" foes="011110000110" cont="1"/>
        <request index="6"  response="010000000000" foes="010000000100" cont="0"/>
        <request index="7"  response="110000111000" foes="110000111100" cont="0"/>
        <request index="8"  response="110000110011" foes="110000110011" cont="0"/>
        <request index="9"  response="000000000000" foes="000000100010" cont="0"/>
        <request index="10" response="000000000000" foes="000111100110" cont="0"/>
        <request index="11" response="000000011000" foes="000110011110" cont="1"/>
    </junction>
    <junction id="gneJ28" type="dead_end" x="-724.21" y="163.53" incLanes="gneE43_0" intLanes="" shape="-724.21,163.53 -724.21,166.73 -724.21,163.53"/>
    <junction id="gneJ32" type="dead_end" x="68.52" y="162.69" incLanes="gneE54_0" intLanes="" shape="68.52,162.69 68.53,159.49 68.52,162.69"/>
    <junction id="gneJ33" type="dead_end" x="-509.28" y="5.28" incLanes="gneE56_0" intLanes="" shape="-509.28,5.28 -512.48,5.30 -509.28,5.28"/>
    <junction id="gneJ35" type="dead_end" x="-314.45" y="-0.99" incLanes="gneE60_0" intLanes="" shape="-314.45,-0.99 -317.65,-0.99 -314.45,-0.99"/>
    <junction id="gneJ36" type="dead_end" x="-134.32" y="-5.38" incLanes="gneE62_0" intLanes="" shape="-134.32,-5.38 -137.52,-5.38 -134.32,-5.38"/>
    <junction id="gneJ5" type="dead_end" x="-707.19" y="495.14" incLanes="gneE11_0" intLanes="" shape="-707.19,495.14 -707.19,498.34 -707.19,495.14"/>
    <junction id="gneJ6" type="priority" x="-508.44" y="495.14" incLanes="gneE13_0 gneE10_0 gneE24_0 gneE4_0" intLanes=":gneJ6_0_0 :gneJ6_1_0 :gneJ6_2_0 :gneJ6_3_0 :gneJ6_4_0 :gneJ6_12_0 :gneJ6_6_0 :gneJ6_7_0 :gneJ6_8_0 :gneJ6_9_0 :gneJ6_10_0 :gneJ6_13_0" shape="-511.65,502.34 -505.25,502.34 -504.80,500.12 -504.24,499.34 -503.46,498.78 -502.46,498.45 -501.24,498.34 -501.24,491.94 -503.46,491.49 -504.23,490.94 -504.79,490.16 -505.12,489.16 -505.23,487.94 -511.63,487.92 -512.08,490.15 -512.64,490.93 -513.42,491.49 -514.42,491.83 -515.65,491.94 -515.65,498.34 -513.42,498.78 -512.65,499.34 -512.09,500.11 -511.76,501.11">
        <request index="0"  response="000000010000" foes="000100010000" cont="0"/>
        <request index="1"  response="111000110000" foes="111100110000" cont="0"/>
        <request index="2"  response="110011110000" foes="110011110000" cont="0"/>
        <request index="3"  response="000000000000" foes="100010000000" cont="0"/>
        <request index="4"  response="000000000000" foes="100110000111" cont="0"/>
        <request index="5"  response="011000000000" foes="011110000110" cont="1"/>
        <request index="6"  response="010000000000" foes="010000000100" cont="0"/>
        <request index="7"  response="110000111000" foes="110000111100" cont="0"/>
        <request index="8"  response="110000110011" foes="110000110011" cont="0"/>
        <request index="9"  response="000000000000" foes="000000100010" cont="0"/>
        <request index="10" response="000000000000" foes="000111100110" cont="0"/>
        <request index="11" response="000000011000" foes="000110011110" cont="1"/>
    </junction>
    <junction id="gneJ7" type="priority" x="-315.02" y="495.14" incLanes="gneE18_0 gneE9_0 gneE26_0 gneE5_0" intLanes=":gneJ7_0_0 :gneJ7_1_0 :gneJ7_2_0 :gneJ7_3_0 :gneJ7_4_0 :gneJ7_12_0 :gneJ7_6_0 :gneJ7_7_0 :gneJ7_8_0 :gneJ7_9_0 :gneJ7_10_0 :gneJ7_13_0" shape="-318.21,502.34 -311.81,502.34 -311.36,500.11 -310.81,499.34 -310.03,498.78 -309.03,498.45 -307.80,498.34 -307.80,491.94 -310.03,491.49 -310.80,490.94 -311.35,490.16 -311.68,489.16 -311.79,487.94 -318.19,487.92 -318.64,490.15 -319.20,490.93 -319.98,491.49 -320.99,491.83 -322.21,491.94 -322.21,498.34 -319.99,498.78 -319.21,499.34 -318.65,500.12 -318.32,501.12">
        <request index="0"  response="000000010000" foes="000100010000" cont="0"/>
        <request index="1"  response="111000110000" foes="111100110000" cont="0"/>
        <request index="2"  response="110011110000" foes="110011110000" cont="0"/>
        <request index="3"  response="000000000000" foes="100010000000" cont="0"/>
        <request index="4"  response="000000000000" foes="100110000111" cont="0"/>
        <request index="5"  response="011000000000" foes="011110000110" cont="1"/>
        <request index="6"  response="010000000000" foes="010000000100" cont="0"/>
        <request index="7"  response="110000111000" foes="110000111100" cont="0"/>
        <request index="8"  response="110000110011" foes="110000110011" cont="0"/>
        <request index="9"  response="000000000000" foes="000000100010" cont="0"/>
        <request index="10" response="000000000000" foes="000111100110" cont="0"/>
        <request index="11" response="000000011000" foes="000110011110" cont="1"/>
    </junction>
    <junction id="gneJ8" type="priority" x="-134.34" y="495.14" incLanes="gneE21_0 gneE8_0 gneE28_0 gneE6_0" intLanes=":gneJ8_0_0 :gneJ8_1_0 :gneJ8_2_0 :gneJ8_3_0 :gneJ8_4_0 :gneJ8_12_0 :gneJ8_6_0 :gneJ8_7_0 :gneJ8_8_0 :gneJ8_9_0 :gneJ8_10_0 :gneJ8_13_0" shape="-137.54,502.34 -131.14,502.34 -130.70,500.12 -130.14,499.34 -129.36,498.78 -128.36,498.45 -127.14,498.34 -127.14,491.94 -129.37,491.49 -130.15,490.93 -130.70,490.16 -131.04,489.15 -131.15,487.93 -137.55,487.94 -137.99,490.16 -138.55,490.94 -139.32,491.49 -140.32,491.83 -141.54,491.94 -141.54,498.34 -139.32,498.78 -138.54,499.34 -137.99,500.11 -137.65,501.11">
        <request index="0"  response="000000010000" foes="000100010000" cont="0"/>
        <request index="1"  response="111000110000" foes="111100110000" cont="0"/>
        <request index="2"  response="110011110000" foes="110011110000" cont="0"/>
        <request index="3"  response="000000000000" foes="100010000000" cont="0"/>
        <request index="4"  response="000000000000" foes="100110000111" cont="0"/>
        <request index="5"  response="011000000000" foes="011110000110" cont="1"/>
        <request index="6"  response="010000000000" foes="010000000100" cont="0"/>
        <request index="7"  response="110000111000" foes="110000111100" cont="0"/>
        <request index="8"  response="110000110011" foes="110000110011" cont="0"/>
        <request index="9"  response="000000000000" foes="000000100010" cont="0"/>
        <request index="10" response="000000000000" foes="000111100110" cont="0"/>
        <request index="11" response="000000011000" foes="000110011110" cont="1"/>
    </junction>
    <junction id="gneJ9" type="dead_end" x="61.21" y="495.14" incLanes="gneE7_0" intLanes="" shape="61.21,495.14 61.21,491.94 61.21,495.14"/>

    <junction id=":gneJ20_12_0" type="internal" x="-508.02" y="321.00" incLanes=":gneJ20_5_0 gneE23_0" intLanes=":gneJ20_1_0 :gneJ20_2_0 :gneJ20_7_0 :gneJ20_8_0 :gneJ20_9_0 :gneJ20_10_0"/>
    <junction id=":gneJ20_13_0" type="internal" x="-508.02" y="324.22" incLanes=":gneJ20_11_0 gneE38_0" intLanes=":gneJ20_1_0 :gneJ20_2_0 :gneJ20_3_0 :gneJ20_4_0 :gneJ20_7_0 :gneJ20_8_0"/>
    <junction id=":gneJ21_12_0" type="internal" x="-314.45" y="322.58" incLanes=":gneJ21_5_0 gneE25_0" intLanes=":gneJ21_1_0 :gneJ21_2_0 :gneJ21_7_0 :gneJ21_8_0 :gneJ21_9_0 :gneJ21_10_0"/>
    <junction id=":gneJ21_13_0" type="internal" x="-314.45" y="325.79" incLanes=":gneJ21_11_0 gneE40_0" intLanes=":gneJ21_1_0 :gneJ21_2_0 :gneJ21_3_0 :gneJ21_4_0 :gneJ21_7_0 :gneJ21_8_0"/>
    <junction id=":gneJ22_12_0" type="internal" x="-132.98" y="323.37" incLanes=":gneJ22_5_0 gneE33_0" intLanes=":gneJ22_1_0 :gneJ22_2_0 :gneJ22_7_0 :gneJ22_8_0 :gneJ22_9_0 :gneJ22_10_0"/>
    <junction id=":gneJ22_13_0" type="internal" x="-136.22" y="323.39" incLanes=":gneJ22_11_0 gneE36_0" intLanes=":gneJ22_1_0 :gneJ22_2_0 :gneJ22_3_0 :gneJ22_4_0 :gneJ22_7_0 :gneJ22_8_0"/>
    <junction id=":gneJ25_12_0" type="internal" x="-508.47" y="165.17" incLanes=":gneJ25_2_0 gneE57_0" intLanes=":gneJ25_4_0 :gneJ25_5_0 :gneJ25_6_0 :gneJ25_7_0 :gneJ25_10_0 :gneJ25_11_0"/>
    <junction id=":gneJ25_13_0" type="internal" x="-508.49" y="161.92" incLanes=":gneJ25_8_0 gneE37_0" intLanes=":gneJ25_0_0 :gneJ25_1_0 :gneJ25_4_0 :gneJ25_5_0 :gneJ25_10_0 :gneJ25_11_0"/>
    <junction id=":gneJ26_12_0" type="internal" x="-314.17" y="163.95" incLanes=":gneJ26_5_0 gneE39_0" intLanes=":gneJ26_1_0 :gneJ26_2_0 :gneJ26_7_0 :gneJ26_8_0 :gneJ26_9_0 :gneJ26_10_0"/>
    <junction id=":gneJ26_13_0" type="internal" x="-314.17" y="167.84" incLanes=":gneJ26_11_0 gneE61_0" intLanes=":gneJ26_1_0 :gneJ26_2_0 :gneJ26_3_0 :gneJ26_4_0 :gneJ26_7_0 :gneJ26_8_0"/>
    <junction id=":gneJ27_12_0" type="internal" x="-134.15" y="160.52" incLanes=":gneJ27_5_0 gneE41_0" intLanes=":gneJ27_1_0 :gneJ27_2_0 :gneJ27_7_0 :gneJ27_8_0 :gneJ27_9_0 :gneJ27_10_0"/>
    <junction id=":gneJ27_13_0" type="internal" x="-134.16" y="163.74" incLanes=":gneJ27_11_0 gneE63_0" intLanes=":gneJ27_1_0 :gneJ27_2_0 :gneJ27_3_0 :gneJ27_4_0 :gneJ27_7_0 :gneJ27_8_0"/>
    <junction id=":gneJ6_12_0" type="internal" x="-506.84" y="495.14" incLanes=":gneJ6_5_0 gneE4_0" intLanes=":gneJ6_1_0 :gneJ6_2_0 :gneJ6_7_0 :gneJ6_8_0 :gneJ6_9_0 :gneJ6_10_0"/>
    <junction id=":gneJ6_13_0" type="internal" x="-510.05" y="495.14" incLanes=":gneJ6_11_0 gneE10_0" intLanes=":gneJ6_1_0 :gneJ6_2_0 :gneJ6_3_0 :gneJ6_4_0 :gneJ6_7_0 :gneJ6_8_0"/>
    <junction id=":gneJ7_12_0" type="internal" x="-313.40" y="495.14" incLanes=":gneJ7_5_0 gneE5_0" intLanes=":gneJ7_1_0 :gneJ7_2_0 :gneJ7_7_0 :gneJ7_8_0 :gneJ7_9_0 :gneJ7_10_0"/>
    <junction id=":gneJ7_13_0" type="internal" x="-316.61" y="495.14" incLanes=":gneJ7_11_0 gneE9_0" intLanes=":gneJ7_1_0 :gneJ7_2_0 :gneJ7_3_0 :gneJ7_4_0 :gneJ7_7_0 :gneJ7_8_0"/>
    <junction id=":gneJ8_12_0" type="internal" x="-132.74" y="495.14" incLanes=":gneJ8_5_0 gneE6_0" intLanes=":gneJ8_1_0 :gneJ8_2_0 :gneJ8_7_0 :gneJ8_8_0 :gneJ8_9_0 :gneJ8_10_0"/>
    <junction id=":gneJ8_13_0" type="internal" x="-135.94" y="495.14" incLanes=":gneJ8_11_0 gneE8_0" intLanes=":gneJ8_1_0 :gneJ8_2_0 :gneJ8_3_0 :gneJ8_4_0 :gneJ8_7_0 :gneJ8_8_0"/>

    <connection from="gneE10" to="gneE12" fromLane="0" toLane="0" via=":gneJ6_3_0" dir="r" state="M"/>
    <connection from="gneE10" to="gneE11" fromLane="0" toLane="0" via=":gneJ6_4_0" dir="s" state="M"/>
    <connection from="gneE10" to="gneE23" fromLane="0" toLane="0" via=":gneJ6_5_0" dir="l" state="m"/>
    <connection from="gneE13" to="gneE11" fromLane="0" toLane="0" via=":gneJ6_0_0" dir="r" state="m"/>
    <connection from="gneE13" to="gneE23" fromLane="0" toLane="0" via=":gneJ6_1_0" dir="s" state="m"/>
    <connection from="gneE13" to="gneE5" fromLane="0" toLane="0" via=":gneJ6_2_0" dir="l" state="m"/>
    <connection from="gneE18" to="gneE10" fromLane="0" toLane="0" via=":gneJ7_0_0" dir="r" state="m"/>
    <connection from="gneE18" to="gneE25" fromLane="0" toLane="0" via=":gneJ7_1_0" dir="s" state="m"/>
    <connection from="gneE18" to="gneE6" fromLane="0" toLane="0" via=":gneJ7_2_0" dir="l" state="m"/>
    <connection from="gneE21" to="gneE9" fromLane="0" toLane="0" via=":gneJ8_0_0" dir="r" state="m"/>
    <connection from="gneE21" to="gneE27" fromLane="0" toLane="0" via=":gneJ8_1_0" dir="s" state="m"/>
    <connection from="gneE21" to="gneE7" fromLane="0" toLane="0" via=":gneJ8_2_0" dir="l" state="m"/>
    <connection from="gneE23" to="gneE29" fromLane="0" toLane="0" via=":gneJ20_9_0" dir="r" state="M"/>
    <connection from="gneE23" to="gneE37" fromLane="0" toLane="0" via=":gneJ20_10_0" dir="s" state="M"/>
    <connection from="gneE23" to="gneE31" fromLane="0" toLane="0" via=":gneJ20_11_0" dir="l" state="m"/>
    <connection from="gneE24" to="gneE5" fromLane="0" toLane="0" via=":gneJ6_6_0" dir="r" state="m"/>
    <connection from="gneE24" to="gneE12" fromLane="0" toLane="0" via=":gneJ6_7_0" dir="s" state="m"/>
    <connection from="gneE24" to="gneE11" fromLane="0" toLane="0" via=":gneJ6_8_0" dir="l" state="m"/>
    <connection from="gneE25" to="gneE32" fromLane="0" toLane="0" via=":gneJ21_9_0" dir="r" state="M"/>
    <connection from="gneE25" to="gneE39" fromLane="0" toLane="0" via=":gneJ21_10_0" dir="s" state="M"/>
    <connection from="gneE25" to="gneE33" fromLane="0" toLane="0" via=":gneJ21_11_0" dir="l" state="m"/>
    <connection from="gneE26" to="gneE6" fromLane="0" toLane="0" via=":gneJ7_6_0" dir="r" state="m"/>
    <connection from="gneE26" to="gneE17" fromLane="0" toLane="0" via=":gneJ7_7_0" dir="s" state="m"/>
    <connection from="gneE26" to="gneE10" fromLane="0" toLane="0" via=":gneJ7_8_0" dir="l" state="m"/>
    <connection from="gneE27" to="gneE34" fromLane="0" toLane="0" via=":gneJ22_0_0" dir="r" state="m"/>
    <connection from="gneE27" to="gneE41" fromLane="0" toLane="0" via=":gneJ22_1_0" dir="s" state="m"/>
    <connection from="gneE27" to="gneE35" fromLane="0" toLane="0" via=":gneJ22_2_0" dir="l" state="m"/>
    <connection from="gneE28" to="gneE7" fromLane="0" toLane="0" via=":gneJ8_6_0" dir="r" state="m"/>
    <connection from="gneE28" to="gneE20" fromLane="0" toLane="0" via=":gneJ8_7_0" dir="s" state="m"/>
    <connection from="gneE28" to="gneE9" fromLane="0" toLane="0" via=":gneJ8_8_0" dir="l" state="m"/>
    <connection from="gneE30" to="gneE37" fromLane="0" toLane="0" via=":gneJ20_6_0" dir="r" state="m"/>
    <connection from="gneE30" to="gneE31" fromLane="0" toLane="0" via=":gneJ20_7_0" dir="s" state="m"/>
    <connection from="gneE30" to="gneE24" fromLane="0" toLane="0" via=":gneJ20_8_0" dir="l" state="m"/>
    <connection from="gneE31" to="gneE39" fromLane="0" toLane="0" via=":gneJ21_6_0" dir="r" state="m"/>
    <connection from="gneE31" to="gneE33" fromLane="0" toLane="0" via=":gneJ21_7_0" dir="s" state="m"/>
    <connection from="gneE31" to="gneE26" fromLane="0" toLane="0" via=":gneJ21_8_0" dir="l" state="m"/>
    <connection from="gneE32" to="gneE24" fromLane="0" toLane="0" via=":gneJ20_0_0" dir="r" state="m"/>
    <connection from="gneE32" to="gneE29" fromLane="0" toLane="0" via=":gneJ20_1_0" dir="s" state="m"/>
    <connection from="gneE32" to="gneE37" fromLane="0" toLane="0" via=":gneJ20_2_0" dir="l" state="m"/>
    <connection from="gneE33" to="gneE41" fromLane="0" toLane="0" via=":gneJ22_9_0" dir="r" state="M"/>
    <connection from="gneE33" to="gneE35" fromLane="0" toLane="0" via=":gneJ22_10_0" dir="s" state="M"/>
    <connection from="gneE33" to="gneE28" fromLane="0" toLane="0" via=":gneJ22_11_0" dir="l" state="m"/>
    <connection from="gneE34" to="gneE26" fromLane="0" toLane="0" via=":gneJ21_0_0" dir="r" state="m"/>
    <connection from="gneE34" to="gneE32" fromLane="0" toLane="0" via=":gneJ21_1_0" dir="s" state="m"/>
    <connection from="gneE34" to="gneE39" fromLane="0" toLane="0" via=":gneJ21_2_0" dir="l" state="m"/>
    <connection from="gneE36" to="gneE28" fromLane="0" toLane="0" via=":gneJ22_3_0" dir="r" state="M"/>
    <connection from="gneE36" to="gneE34" fromLane="0" toLane="0" via=":gneJ22_4_0" dir="s" state="M"/>
    <connection from="gneE36" to="gneE41" fromLane="0" toLane="0" via=":gneJ22_5_0" dir="l" state="m"/>
    <connection from="gneE37" to="gneE43" fromLane="0" toLane="0" via=":gneJ25_0_0" dir="r" state="M"/>
    <connection from="gneE37" to="gneE56" fromLane="0" toLane="0" via=":gneJ25_1_0" dir="s" state="M"/>
    <connection from="gneE37" to="gneE45" fromLane="0" toLane="0" via=":gneJ25_2_0" dir="l" state="m"/>
    <connection from="gneE38" to="gneE31" fromLane="0" toLane="0" via=":gneJ20_3_0" dir="r" state="M"/>
    <connection from="gneE38" to="gneE24" fromLane="0" toLane="0" via=":gneJ20_4_0" dir="s" state="M"/>
    <connection from="gneE38" to="gneE29" fromLane="0" toLane="0" via=":gneJ20_5_0" dir="l" state="m"/>
    <connection from="gneE39" to="gneE46" fromLane="0" toLane="0" via=":gneJ26_9_0" dir="r" state="M"/>
    <connection from="gneE39" to="gneE60" fromLane="0" toLane="0" via=":gneJ26_10_0" dir="s" state="M"/>
    <connection from="gneE39" to="gneE52" fromLane="0" toLane="0" via=":gneJ26_11_0" dir="l" state="m"/>
    <connection from="gneE4" to="gneE23" fromLane="0" toLane="0" via=":gneJ6_9_0" dir="r" state="M"/>
    <connection from="gneE4" to="gneE5" fromLane="0" toLane="0" via=":gneJ6_10_0" dir="s" state="M"/>
    <connection from="gneE4" to="gneE12" fromLane="0" toLane="0" via=":gneJ6_11_0" dir="l" state="m"/>
    <connection from="gneE40" to="gneE33" fromLane="0" toLane="0" via=":gneJ21_3_0" dir="r" state="M"/>
    <connection from="gneE40" to="gneE26" fromLane="0" toLane="0" via=":gneJ21_4_0" dir="s" state="M"/>
    <connection from="gneE40" to="gneE32" fromLane="0" toLane="0" via=":gneJ21_5_0" dir="l" state="m"/>
    <connection from="gneE41" to="gneE53" fromLane="0" toLane="0" via=":gneJ27_9_0" dir="r" state="M"/>
    <connection from="gneE41" to="gneE62" fromLane="0" toLane="0" via=":gneJ27_10_0" dir="s" state="M"/>
    <connection from="gneE41" to="gneE54" fromLane="0" toLane="0" via=":gneJ27_11_0" dir="l" state="m"/>
    <connection from="gneE42" to="gneE35" fromLane="0" toLane="0" via=":gneJ22_6_0" dir="r" state="m"/>
    <connection from="gneE42" to="gneE28" fromLane="0" toLane="0" via=":gneJ22_7_0" dir="s" state="m"/>
    <connection from="gneE42" to="gneE34" fromLane="0" toLane="0" via=":gneJ22_8_0" dir="l" state="m"/>
    <connection from="gneE44" to="gneE56" fromLane="0" toLane="0" via=":gneJ25_9_0" dir="r" state="m"/>
    <connection from="gneE44" to="gneE45" fromLane="0" toLane="0" via=":gneJ25_10_0" dir="s" state="m"/>
    <connection from="gneE44" to="gneE38" fromLane="0" toLane="0" via=":gneJ25_11_0" dir="l" state="m"/>
    <connection from="gneE45" to="gneE60" fromLane="0" toLane="0" via=":gneJ26_6_0" dir="r" state="m"/>
    <connection from="gneE45" to="gneE52" fromLane="0" toLane="0" via=":gneJ26_7_0" dir="s" state="m"/>
    <connection from="gneE45" to="gneE40" fromLane="0" toLane="0" via=":gneJ26_8_0" dir="l" state="m"/>
    <connection from="gneE46" to="gneE38" fromLane="0" toLane="0" via=":gneJ25_3_0" dir="r" state="m"/>
    <connection from="gneE46" to="gneE43" fromLane="0" toLane="0" via=":gneJ25_4_0" dir="s" state="m"/>
    <connection from="gneE46" to="gneE56" fromLane="0" toLane="0" via=":gneJ25_5_0" dir="l" state="m"/>
    <connection from="gneE5" to="gneE25" fromLane="0" toLane="0" via=":gneJ7_9_0" dir="r" state="M"/>
    <connection from="gneE5" to="gneE6" fromLane="0" toLane="0" via=":gneJ7_10_0" dir="s" state="M"/>
    <connection from="gneE5" to="gneE17" fromLane="0" toLane="0" via=":gneJ7_11_0" dir="l" state="m"/>
    <connection from="gneE52" to="gneE62" fromLane="0" toLane="0" via=":gneJ27_6_0" dir="r" state="m"/>
    <connection from="gneE52" to="gneE54" fromLane="0" toLane="0" via=":gneJ27_7_0" dir="s" state="m"/>
    <connection from="gneE52" to="gneE42" fromLane="0" toLane="0" via=":gneJ27_8_0" dir="l" state="m"/>
    <connection from="gneE53" to="gneE40" fromLane="0" toLane="0" via=":gneJ26_0_0" dir="r" state="m"/>
    <connection from="gneE53" to="gneE46" fromLane="0" toLane="0" via=":gneJ26_1_0" dir="s" state="m"/>
    <connection from="gneE53" to="gneE60" fromLane="0" toLane="0" via=":gneJ26_2_0" dir="l" state="m"/>
    <connection from="gneE55" to="gneE42" fromLane="0" toLane="0" via=":gneJ27_0_0" dir="r" state="m"/>
    <connection from="gneE55" to="gneE53" fromLane="0" toLane="0" via=":gneJ27_1_0" dir="s" state="m"/>
    <connection from="gneE55" to="gneE62" fromLane="0" toLane="0" via=":gneJ27_2_0" dir="l" state="m"/>
    <connection from="gneE57" to="gneE45" fromLane="0" toLane="0" via=":gneJ25_6_0" dir="r" state="M"/>
    <connection from="gneE57" to="gneE38" fromLane="0" toLane="0" via=":gneJ25_7_0" dir="s" state="M"/>
    <connection from="gneE57" to="gneE43" fromLane="0" toLane="0" via=":gneJ25_8_0" dir="l" state="m"/>
    <connection from="gneE6" to="gneE27" fromLane="0" toLane="0" via=":gneJ8_9_0" dir="r" state="M"/>
    <connection from="gneE6" to="gneE7" fromLane="0" toLane="0" via=":gneJ8_10_0" dir="s" state="M"/>
    <connection from="gneE6" to="gneE20" fromLane="0" toLane="0" via=":gneJ8_11_0" dir="l" state="m"/>
    <connection from="gneE61" to="gneE52" fromLane="0" toLane="0" via=":gneJ26_3_0" dir="r" state="M"/>
    <connection from="gneE61" to="gneE40" fromLane="0" toLane="0" via=":gneJ26_4_0" dir="s" state="M"/>
    <connection from="gneE61" to="gneE46" fromLane="0" toLane="0" via=":gneJ26_5_0" dir="l" state="m"/>
    <connection from="gneE63" to="gneE54" fromLane="0" toLane="0" via=":gneJ27_3_0" dir="r" state="M"/>
    <connection from="gneE63" to="gneE42" fromLane="0" toLane="0" via=":gneJ27_4_0" dir="s" state="M"/>
    <connection from="gneE63" to="gneE53" fromLane="0" toLane="0" via=":gneJ27_5_0" dir="l" state="m"/>
    <connection from="gneE8" to="gneE20" fromLane="0" toLane="0" via=":gneJ8_3_0" dir="r" state="M"/>
    <connection from="gneE8" to="gneE9" fromLane="0" toLane="0" via=":gneJ8_4_0" dir="s" state="M"/>
    <connection from="gneE8" to="gneE27" fromLane="0" toLane="0" via=":gneJ8_5_0" dir="l" state="m"/>
    <connection from="gneE9" to="gneE17" fromLane="0" toLane="0" via=":gneJ7_3_0" dir="r" state="M"/>
    <connection from="gneE9" to="gneE10" fromLane="0" toLane="0" via=":gneJ7_4_0" dir="s" state="M"/>
    <connection from="gneE9" to="gneE25" fromLane="0" toLane="0" via=":gneJ7_5_0" dir="l" state="m"/>

    <connection from=":gneJ20_0" to="gneE24" fromLane="0" toLane="0" dir="r" state="M"/>
    <connection from=":gneJ20_1" to="gneE29" fromLane="0" toLane="0" dir="s" state="M"/>
    <connection from=":gneJ20_2" to="gneE37" fromLane="0" toLane="0" dir="l" state="M"/>
    <connection from=":gneJ20_3" to="gneE31" fromLane="0" toLane="0" dir="r" state="M"/>
    <connection from=":gneJ20_4" to="gneE24" fromLane="0" toLane="0" dir="s" state="M"/>
    <connection from=":gneJ20_5" to="gneE29" fromLane="0" toLane="0" via=":gneJ20_12_0" dir="l" state="m"/>
    <connection from=":gneJ20_12" to="gneE29" fromLane="0" toLane="0" dir="l" state="M"/>
    <connection from=":gneJ20_6" to="gneE37" fromLane="0" toLane="0" dir="r" state="M"/>
    <connection from=":gneJ20_7" to="gneE31" fromLane="0" toLane="0" dir="s" state="M"/>
    <connection from=":gneJ20_8" to="gneE24" fromLane="0" toLane="0" dir="l" state="M"/>
    <connection from=":gneJ20_9" to="gneE29" fromLane="0" toLane="0" dir="r" state="M"/>
    <connection from=":gneJ20_10" to="gneE37" fromLane="0" toLane="0" dir="s" state="M"/>
    <connection from=":gneJ20_11" to="gneE31" fromLane="0" toLane="0" via=":gneJ20_13_0" dir="l" state="m"/>
    <connection from=":gneJ20_13" to="gneE31" fromLane="0" toLane="0" dir="l" state="M"/>
    <connection from=":gneJ21_0" to="gneE26" fromLane="0" toLane="0" dir="r" state="M"/>
    <connection from=":gneJ21_1" to="gneE32" fromLane="0" toLane="0" dir="s" state="M"/>
    <connection from=":gneJ21_2" to="gneE39" fromLane="0" toLane="0" dir="l" state="M"/>
    <connection from=":gneJ21_3" to="gneE33" fromLane="0" toLane="0" dir="r" state="M"/>
    <connection from=":gneJ21_4" to="gneE26" fromLane="0" toLane="0" dir="s" state="M"/>
    <connection from=":gneJ21_5" to="gneE32" fromLane="0" toLane="0" via=":gneJ21_12_0" dir="l" state="m"/>
    <connection from=":gneJ21_12" to="gneE32" fromLane="0" toLane="0" dir="l" state="M"/>
    <connection from=":gneJ21_6" to="gneE39" fromLane="0" toLane="0" dir="r" state="M"/>
    <connection from=":gneJ21_7" to="gneE33" fromLane="0" toLane="0" dir="s" state="M"/>
    <connection from=":gneJ21_8" to="gneE26" fromLane="0" toLane="0" dir="l" state="M"/>
    <connection from=":gneJ21_9" to="gneE32" fromLane="0" toLane="0" dir="r" state="M"/>
    <connection from=":gneJ21_10" to="gneE39" fromLane="0" toLane="0" dir="s" state="M"/>
    <connection from=":gneJ21_11" to="gneE33" fromLane="0" toLane="0" via=":gneJ21_13_0" dir="l" state="m"/>
    <connection from=":gneJ21_13" to="gneE33" fromLane="0" toLane="0" dir="l" state="M"/>
    <connection from=":gneJ22_0" to="gneE34" fromLane="0" toLane="0" dir="r" state="M"/>
    <connection from=":gneJ22_1" to="gneE41" fromLane="0" toLane="0" dir="s" state="M"/>
    <connection from=":gneJ22_2" to="gneE35" fromLane="0" toLane="0" dir="l" state="M"/>
    <connection from=":gneJ22_3" to="gneE28" fromLane="0" toLane="0" dir="r" state="M"/>
    <connection from=":gneJ22_4" to="gneE34" fromLane="0" toLane="0" dir="s" state="M"/>
    <connection from=":gneJ22_5" to="gneE41" fromLane="0" toLane="0" via=":gneJ22_12_0" dir="l" state="m"/>
    <connection from=":gneJ22_12" to="gneE41" fromLane="0" toLane="0" dir="l" state="M"/>
    <connection from=":gneJ22_6" to="gneE35" fromLane="0" toLane="0" dir="r" state="M"/>
    <connection from=":gneJ22_7" to="gneE28" fromLane="0" toLane="0" dir="s" state="M"/>
    <connection from=":gneJ22_8" to="gneE34" fromLane="0" toLane="0" dir="l" state="M"/>
    <connection from=":gneJ22_9" to="gneE41" fromLane="0" toLane="0" dir="r" state="M"/>
    <connection from=":gneJ22_10" to="gneE35" fromLane="0" toLane="0" dir="s" state="M"/>
    <connection from=":gneJ22_11" to="gneE28" fromLane="0" toLane="0" via=":gneJ22_13_0" dir="l" state="m"/>
    <connection from=":gneJ22_13" to="gneE28" fromLane="0" toLane="0" dir="l" state="M"/>
    <connection from=":gneJ25_0" to="gneE43" fromLane="0" toLane="0" dir="r" state="M"/>
    <connection from=":gneJ25_1" to="gneE56" fromLane="0" toLane="0" dir="s" state="M"/>
    <connection from=":gneJ25_2" to="gneE45" fromLane="0" toLane="0" via=":gneJ25_12_0" dir="l" state="m"/>
    <connection from=":gneJ25_12" to="gneE45" fromLane="0" toLane="0" dir="l" state="M"/>
    <connection from=":gneJ25_3" to="gneE38" fromLane="0" toLane="0" dir="r" state="M"/>
    <connection from=":gneJ25_4" to="gneE43" fromLane="0" toLane="0" dir="s" state="M"/>
    <connection from=":gneJ25_5" to="gneE56" fromLane="0" toLane="0" dir="l" state="M"/>
    <connection from=":gneJ25_6" to="gneE45" fromLane="0" toLane="0" dir="r" state="M"/>
    <connection from=":gneJ25_7" to="gneE38" fromLane="0" toLane="0" dir="s" state="M"/>
    <connection from=":gneJ25_8" to="gneE43" fromLane="0" toLane="0" via=":gneJ25_13_0" dir="l" state="m"/>
    <connection from=":gneJ25_13" to="gneE43" fromLane="0" toLane="0" dir="l" state="M"/>
    <connection from=":gneJ25_9" to="gneE56" fromLane="0" toLane="0" dir="r" state="M"/>
    <connection from=":gneJ25_10" to="gneE45" fromLane="0" toLane="0" dir="s" state="M"/>
    <connection from=":gneJ25_11" to="gneE38" fromLane="0" toLane="0" dir="l" state="M"/>
    <connection from=":gneJ26_0" to="gneE40" fromLane="0" toLane="0" dir="r" state="M"/>
    <connection from=":gneJ26_1" to="gneE46" fromLane="0" toLane="0" dir="s" state="M"/>
    <connection from=":gneJ26_2" to="gneE60" fromLane="0" toLane="0" dir="l" state="M"/>
    <connection from=":gneJ26_3" to="gneE52" fromLane="0" toLane="0" dir="r" state="M"/>
    <connection from=":gneJ26_4" to="gneE40" fromLane="0" toLane="0" dir="s" state="M"/>
    <connection from=":gneJ26_5" to="gneE46" fromLane="0" toLane="0" via=":gneJ26_12_0" dir="l" state="m"/>
    <connection from=":gneJ26_12" to="gneE46" fromLane="0" toLane="0" dir="l" state="M"/>
    <connection from=":gneJ26_6" to="gneE60" fromLane="0" toLane="0" dir="r" state="M"/>
    <connection from=":gneJ26_7" to="gneE52" fromLane="0" toLane="0" dir="s" state="M"/>
    <connection from=":gneJ26_8" to="gneE40" fromLane="0" toLane="0" dir="l" state="M"/>
    <connection from=":gneJ26_9" to="gneE46" fromLane="0" toLane="0" dir="r" state="M"/>
    <connection from=":gneJ26_10" to="gneE60" fromLane="0" toLane="0" dir="s" state="M"/>
    <connection from=":gneJ26_11" to="gneE52" fromLane="0" toLane="0" via=":gneJ26_13_0" dir="l" state="m"/>
    <connection from=":gneJ26_13" to="gneE52" fromLane="0" toLane="0" dir="l" state="M"/>
    <connection from=":gneJ27_0" to="gneE42" fromLane="0" toLane="0" dir="r" state="M"/>
    <connection from=":gneJ27_1" to="gneE53" fromLane="0" toLane="0" dir="s" state="M"/>
    <connection from=":gneJ27_2" to="gneE62" fromLane="0" toLane="0" dir="l" state="M"/>
    <connection from=":gneJ27_3" to="gneE54" fromLane="0" toLane="0" dir="r" state="M"/>
    <connection from=":gneJ27_4" to="gneE42" fromLane="0" toLane="0" dir="s" state="M"/>
    <connection from=":gneJ27_5" to="gneE53" fromLane="0" toLane="0" via=":gneJ27_12_0" dir="l" state="m"/>
    <connection from=":gneJ27_12" to="gneE53" fromLane="0" toLane="0" dir="l" state="M"/>
    <connection from=":gneJ27_6" to="gneE62" fromLane="0" toLane="0" dir="r" state="M"/>
    <connection from=":gneJ27_7" to="gneE54" fromLane="0" toLane="0" dir="s" state="M"/>
    <connection from=":gneJ27_8" to="gneE42" fromLane="0" toLane="0" dir="l" state="M"/>
    <connection from=":gneJ27_9" to="gneE53" fromLane="0" toLane="0" dir="r" state="M"/>
    <connection from=":gneJ27_10" to="gneE62" fromLane="0" toLane="0" dir="s" state="M"/>
    <connection from=":gneJ27_11" to="gneE54" fromLane="0" toLane="0" via=":gneJ27_13_0" dir="l" state="m"/>
    <connection from=":gneJ27_13" to="gneE54" fromLane="0" toLane="0" dir="l" state="M"/>
    <connection from=":gneJ6_0" to="gneE11" fromLane="0" toLane="0" dir="r" state="M"/>
    <connection from=":gneJ6_1" to="gneE23" fromLane="0" toLane="0" dir="s" state="M"/>
    <connection from=":gneJ6_2" to="gneE5" fromLane="0" toLane="0" dir="l" state="M"/>
    <connection from=":gneJ6_3" to="gneE12" fromLane="0" toLane="0" dir="r" state="M"/>
    <connection from=":gneJ6_4" to="gneE11" fromLane="0" toLane="0" dir="s" state="M"/>
    <connection from=":gneJ6_5" to="gneE23" fromLane="0" toLane="0" via=":gneJ6_12_0" dir="l" state="m"/>
    <connection from=":gneJ6_12" to="gneE23" fromLane="0" toLane="0" dir="l" state="M"/>
    <connection from=":gneJ6_6" to="gneE5" fromLane="0" toLane="0" dir="r" state="M"/>
    <connection from=":gneJ6_7" to="gneE12" fromLane="0" toLane="0" dir="s" state="M"/>
    <connection from=":gneJ6_8" to="gneE11" fromLane="0" toLane="0" dir="l" state="M"/>
    <connection from=":gneJ6_9" to="gneE23" fromLane="0" toLane="0" dir="r" state="M"/>
    <connection from=":gneJ6_10" to="gneE5" fromLane="0" toLane="0" dir="s" state="M"/>
    <connection from=":gneJ6_11" to="gneE12" fromLane="0" toLane="0" via=":gneJ6_13_0" dir="l" state="m"/>
    <connection from=":gneJ6_13" to="gneE12" fromLane="0" toLane="0" dir="l" state="M"/>
    <connection from=":gneJ7_0" to="gneE10" fromLane="0" toLane="0" dir="r" state="M"/>
    <connection from=":gneJ7_1" to="gneE25" fromLane="0" toLane="0" dir="s" state="M"/>
    <connection from=":gneJ7_2" to="gneE6" fromLane="0" toLane="0" dir="l" state="M"/>
    <connection from=":gneJ7_3" to="gneE17" fromLane="0" toLane="0" dir="r" state="M"/>
    <connection from=":gneJ7_4" to="gneE10" fromLane="0" toLane="0" dir="s" state="M"/>
    <connection from=":gneJ7_5" to="gneE25" fromLane="0" toLane="0" via=":gneJ7_12_0" dir="l" state="m"/>
    <connection from=":gneJ7_12" to="gneE25" fromLane="0" toLane="0" dir="l" state="M"/>
    <connection from=":gneJ7_6" to="gneE6" fromLane="0" toLane="0" dir="r" state="M"/>
    <connection from=":gneJ7_7" to="gneE17" fromLane="0" toLane="0" dir="s" state="M"/>
    <connection from=":gneJ7_8" to="gneE10" fromLane="0" toLane="0" dir="l" state="M"/>
    <connection from=":gneJ7_9" to="gneE25" fromLane="0" toLane="0" dir="r" state="M"/>
    <connection from=":gneJ7_10" to="gneE6" fromLane="0" toLane="0" dir="s" state="M"/>
    <connection from=":gneJ7_11" to="gneE17" fromLane="0" toLane="0" via=":gneJ7_13_0" dir="l" state="m"/>
    <connection from=":gneJ7_13" to="gneE17" fromLane="0" toLane="0" dir="l" state="M"/>
    <connection from=":gneJ8_0" to="gneE9" fromLane="0" toLane="0" dir="r" state="M"/>
    <connection from=":gneJ8_1" to="gneE27" fromLane="0" toLane="0" dir="s" state="M"/>
    <connection from=":gneJ8_2" to="gneE7" fromLane="0" toLane="0" dir="l" state="M"/>
    <connection from=":gneJ8_3" to="gneE20" fromLane="0" toLane="0" dir="r" state="M"/>
    <connection from=":gneJ8_4" to="gneE9" fromLane="0" toLane="0" dir="s" state="M"/>
    <connection from=":gneJ8_5" to="gneE27" fromLane="0" toLane="0" via=":gneJ8_12_0" dir="l" state="m"/>
    <connection from=":gneJ8_12" to="gneE27" fromLane="0" toLane="0" dir="l" state="M"/>
    <connection from=":gneJ8_6" to="gneE7" fromLane="0" toLane="0" dir="r" state="M"/>
    <connection from=":gneJ8_7" to="gneE20" fromLane="0" toLane="0" dir="s" state="M"/>
    <connection from=":gneJ8_8" to="gneE9" fromLane="0" toLane="0" dir="l" state="M"/>
    <connection from=":gneJ8_9" to="gneE27" fromLane="0" toLane="0" dir="r" state="M"/>
    <connection from=":gneJ8_10" to="gneE7" fromLane="0" toLane="0" dir="s" state="M"/>
    <connection from=":gneJ8_11" to="gneE20" fromLane="0" toLane="0" via=":gneJ8_13_0" dir="l" state="m"/>
    <connection from=":gneJ8_13" to="gneE20" fromLane="0" toLane="0" dir="l" state="M"/>

</net>
