<?xml version="1.0" encoding="UTF-8"?>

<!-- generated on 05/09/23 11:56:38 by Eclipse SUMO netedit Version 1.8.0
<configuration xmlns:xsi="http://www.w3.org/2001/XMLSchema-instance" xsi:noNamespaceSchemaLocation="http://sumo.dlr.de/xsd/netconvertConfiguration.xsd">

    <input>
        <sumo-net-file value="D:\veins\sumo-1.8.0\tools\2023-03-03-15-03-00\osm.net.xml"/>
    </input>

    <output>
        <output-file value="D:\veins\sumo-1.8.0\tools\2023-03-03-15-03-00\osm.net.xml"/>
        <output.street-names value="true"/>
    </output>

    <processing>
        <geometry.min-radius.fix.railways value="false"/>
        <geometry.max-grade.fix value="false"/>
        <offset.disable-normalization value="true"/>
        <lefthand value="false"/>
    </processing>

    <junctions>
        <no-turnarounds value="true"/>
        <junctions.corner-detail value="5"/>
        <junctions.limit-turn-speed value="5.5"/>
        <rectangular-lane-cut value="false"/>
    </junctions>

    <pedestrian>
        <walkingareas value="false"/>
    </pedestrian>

    <report>
        <aggregate-warnings value="5"/>
    </report>

</configuration>
-->

<net version="1.6" junctionCornerDetail="5" limitTurnSpeed="5.50" xmlns:xsi="http://www.w3.org/2001/XMLSchema-instance" xsi:noNamespaceSchemaLocation="http://sumo.dlr.de/xsd/net_file.xsd">

    <location netOffset="-288314.88,-5077633.23" convBoundary="0.00,0.00,9158.25,1639.20" origBoundary="126.274536,45.784810,126.446902,45.841769" projParameter="+proj=utm +zone=52 +ellps=WGS84 +datum=WGS84 +units=m +no_defs"/>

    <type id="highway.bridleway" priority="1" numLanes="1" speed="2.78" allow="pedestrian" oneway="1" width="2.00"/>
    <type id="highway.bus_guideway" priority="1" numLanes="1" speed="27.78" allow="bus" oneway="1"/>
    <type id="highway.cycleway" priority="1" numLanes="1" speed="8.33" allow="bicycle" oneway="1" width="1.00"/>
    <type id="highway.footway" priority="1" numLanes="1" speed="2.78" allow="pedestrian" oneway="1" width="2.00"/>
    <type id="highway.ford" priority="1" numLanes="1" speed="2.78" allow="army" oneway="1"/>
    <type id="highway.living_street" priority="2" numLanes="1" speed="2.78" disallow="tram rail_urban rail rail_electric rail_fast ship" oneway="1"/>
    <type id="highway.motorway" priority="14" numLanes="2" speed="39.44" allow="private emergency authority army vip passenger hov taxi bus coach delivery truck trailer motorcycle evehicle custom1 custom2" oneway="1"/>
    <type id="highway.motorway_link" priority="9" numLanes="1" speed="22.22" allow="private emergency authority army vip passenger hov taxi bus coach delivery truck trailer motorcycle evehicle custom1 custom2" oneway="1"/>
    <type id="highway.path" priority="1" numLanes="1" speed="2.78" allow="pedestrian bicycle" oneway="1" width="2.00"/>
    <type id="highway.pedestrian" priority="1" numLanes="1" speed="2.78" allow="pedestrian" oneway="1" width="2.00"/>
    <type id="highway.primary" priority="12" numLanes="2" speed="27.78" disallow="tram rail_urban rail rail_electric rail_fast ship" oneway="1"/>
    <type id="highway.primary_link" priority="7" numLanes="1" speed="22.22" disallow="tram rail_urban rail rail_electric rail_fast ship" oneway="1"/>
    <type id="highway.raceway" priority="15" numLanes="2" speed="83.33" allow="vip" oneway="1"/>
    <type id="highway.residential" priority="3" numLanes="1" speed="13.89" disallow="tram rail_urban rail rail_electric rail_fast ship" oneway="1"/>
    <type id="highway.secondary" priority="11" numLanes="1" speed="27.78" disallow="tram rail_urban rail rail_electric rail_fast ship" oneway="1"/>
    <type id="highway.secondary_link" priority="6" numLanes="1" speed="22.22" disallow="tram rail_urban rail rail_electric rail_fast ship" oneway="1"/>
    <type id="highway.service" priority="1" numLanes="1" speed="5.56" allow="pedestrian delivery bicycle" oneway="1"/>
    <type id="highway.stairs" priority="1" numLanes="1" speed="1.39" allow="pedestrian" oneway="1" width="2.00"/>
    <type id="highway.step" priority="1" numLanes="1" speed="1.39" allow="pedestrian" oneway="1" width="2.00"/>
    <type id="highway.steps" priority="1" numLanes="1" speed="1.39" allow="pedestrian" oneway="1" width="2.00"/>
    <type id="highway.tertiary" priority="10" numLanes="1" speed="22.22" disallow="tram rail_urban rail rail_electric rail_fast ship" oneway="1"/>
    <type id="highway.tertiary_link" priority="5" numLanes="1" speed="22.22" disallow="tram rail_urban rail rail_electric rail_fast ship" oneway="1"/>
    <type id="highway.track" priority="1" numLanes="1" speed="5.56" allow="pedestrian motorcycle moped bicycle" oneway="1"/>
    <type id="highway.trunk" priority="13" numLanes="2" speed="27.78" disallow="pedestrian bicycle tram rail_urban rail rail_electric rail_fast ship" oneway="1"/>
    <type id="highway.trunk_link" priority="8" numLanes="1" speed="22.22" disallow="pedestrian bicycle tram rail_urban rail rail_electric rail_fast ship" oneway="1"/>
    <type id="highway.unclassified" priority="4" numLanes="1" speed="13.89" disallow="tram rail_urban rail rail_electric rail_fast ship" oneway="1"/>
    <type id="highway.unsurfaced" priority="1" numLanes="1" speed="8.33" disallow="tram rail_urban rail rail_electric rail_fast ship" oneway="1"/>
    <type id="railway.highspeed" priority="21" numLanes="1" speed="69.44" allow="rail_fast" oneway="1"/>
    <type id="railway.light_rail" priority="19" numLanes="1" speed="27.78" allow="rail_urban" oneway="1"/>
    <type id="railway.preserved" priority="16" numLanes="1" speed="27.78" allow="rail" oneway="1"/>
    <type id="railway.rail" priority="20" numLanes="1" speed="44.44" allow="rail" oneway="1"/>
    <type id="railway.subway" priority="18" numLanes="1" speed="27.78" allow="rail_urban" oneway="1"/>
    <type id="railway.tram" priority="17" numLanes="1" speed="13.89" allow="tram" oneway="1"/>

    <edge id=":10075081591_0" function="internal">
        <lane id=":10075081591_0_0" index="0" allow="private emergency authority army vip passenger hov taxi bus coach delivery truck trailer motorcycle evehicle custom1 custom2" speed="39.44" length="2.82" shape="4669.80,867.66 4667.12,868.27"/>
        <lane id=":10075081591_0_1" index="1" allow="private emergency authority army vip passenger hov taxi bus coach delivery truck trailer motorcycle evehicle custom1 custom2" speed="39.44" length="2.82" shape="4669.16,864.52 4666.34,865.16"/>
    </edge>
    <edge id=":10075081591_2" function="internal">
        <lane id=":10075081591_2_0" index="0" allow="private emergency authority army vip passenger hov taxi bus coach delivery truck trailer motorcycle evehicle custom1 custom2" speed="39.44" length="3.09" shape="4668.51,861.39 4665.55,861.99"/>
        <lane id=":10075081591_2_1" index="1" allow="private emergency authority army vip passenger hov taxi bus coach delivery truck trailer motorcycle evehicle custom1 custom2" speed="39.44" length="3.09" shape="4667.87,858.25 4664.77,858.89"/>
    </edge>
    <edge id=":10075091932_0" function="internal">
        <lane id=":10075091932_0_0" index="0" allow="private emergency authority army vip passenger hov taxi bus coach delivery truck trailer motorcycle evehicle custom1 custom2" speed="39.44" length="3.00" shape="4898.31,791.48 4901.25,790.93"/>
        <lane id=":10075091932_0_1" index="1" allow="private emergency authority army vip passenger hov taxi bus coach delivery truck trailer motorcycle evehicle custom1 custom2" speed="39.44" length="3.00" shape="4898.95,794.62 4901.90,794.06"/>
    </edge>
    <edge id=":10075091932_2" function="internal">
        <lane id=":10075091932_2_0" index="0" allow="private emergency authority army vip passenger hov taxi bus coach delivery truck trailer motorcycle evehicle custom1 custom2" speed="39.44" length="3.00" shape="4899.61,797.80 4902.54,797.20"/>
        <lane id=":10075091932_2_1" index="1" allow="private emergency authority army vip passenger hov taxi bus coach delivery truck trailer motorcycle evehicle custom1 custom2" speed="39.44" length="3.00" shape="4900.25,800.93 4903.19,800.33"/>
    </edge>
    <edge id=":10075091933_0" function="internal">
        <lane id=":10075091933_0_0" index="0" allow="private emergency authority army vip passenger hov taxi bus coach delivery truck trailer motorcycle evehicle custom1 custom2" speed="39.44" length="3.12" shape="4327.56,910.43 4330.62,909.71"/>
        <lane id=":10075091933_0_1" index="1" allow="private emergency authority army vip passenger hov taxi bus coach delivery truck trailer motorcycle evehicle custom1 custom2" speed="39.44" length="3.12" shape="4328.33,913.54 4331.34,912.82"/>
    </edge>
    <edge id=":10075091933_2" function="internal">
        <lane id=":10075091933_2_0" index="0" allow="private emergency authority army vip passenger hov taxi bus coach delivery truck trailer motorcycle evehicle custom1 custom2" speed="39.44" length="3.04" shape="4329.10,916.65 4332.07,915.92"/>
        <lane id=":10075091933_2_1" index="1" allow="private emergency authority army vip passenger hov taxi bus coach delivery truck trailer motorcycle evehicle custom1 custom2" speed="39.44" length="3.04" shape="4329.87,919.75 4332.80,919.03"/>
    </edge>
    <edge id=":10075091960_0" function="internal">
        <lane id=":10075091960_0_0" index="0" allow="private emergency authority army vip passenger hov taxi bus coach delivery truck trailer motorcycle evehicle custom1 custom2" speed="39.44" length="3.67" shape="4301.44,1169.06 4301.41,1170.10 4301.40,1170.81 4301.43,1171.53 4301.49,1172.56"/>
        <lane id=":10075091960_0_1" index="1" allow="private emergency authority army vip passenger hov taxi bus coach delivery truck trailer motorcycle evehicle custom1 custom2" speed="39.44" length="3.67" shape="4298.24,1168.97 4298.21,1170.10 4298.20,1170.88 4298.23,1171.66 4298.30,1172.79"/>
    </edge>
    <edge id=":10075091960_2" function="internal">
        <lane id=":10075091960_2_0" index="0" allow="private emergency authority army vip passenger hov taxi bus coach delivery truck trailer motorcycle evehicle custom1 custom2" speed="39.44" length="3.03" shape="4307.71,1169.25 4307.88,1172.11"/>
        <lane id=":10075091960_2_1" index="1" allow="private emergency authority army vip passenger hov taxi bus coach delivery truck trailer motorcycle evehicle custom1 custom2" speed="39.44" length="3.03" shape="4304.51,1169.15 4304.69,1172.33"/>
    </edge>
    <edge id=":10075091961_0" function="internal">
        <lane id=":10075091961_0_0" index="0" allow="private emergency authority army vip passenger hov taxi bus coach delivery truck trailer motorcycle evehicle custom1 custom2" speed="39.44" length="3.14" shape="4280.67,1181.86 4280.78,1178.80"/>
        <lane id=":10075091961_0_1" index="1" allow="private emergency authority army vip passenger hov taxi bus coach delivery truck trailer motorcycle evehicle custom1 custom2" speed="39.44" length="3.14" shape="4283.87,1182.05 4283.98,1178.84"/>
    </edge>
    <edge id=":10075091961_2" function="internal">
        <lane id=":10075091961_2_0" index="0" allow="private emergency authority army vip passenger hov taxi bus coach delivery truck trailer motorcycle evehicle custom1 custom2" speed="39.44" length="2.93" shape="4287.06,1182.23 4287.28,1179.27"/>
        <lane id=":10075091961_2_1" index="1" allow="private emergency authority army vip passenger hov taxi bus coach delivery truck trailer motorcycle evehicle custom1 custom2" speed="39.44" length="2.93" shape="4290.26,1182.42 4290.47,1179.53"/>
    </edge>
    <edge id=":10075091974_0" function="internal">
        <lane id=":10075091974_0_0" index="0" allow="private emergency authority army vip passenger hov taxi bus coach delivery truck trailer motorcycle evehicle custom1 custom2" speed="39.44" length="3.00" shape="4020.46,1002.27 4017.49,1002.72"/>
        <lane id=":10075091974_0_1" index="1" allow="private emergency authority army vip passenger hov taxi bus coach delivery truck trailer motorcycle evehicle custom1 custom2" speed="39.44" length="3.00" shape="4019.95,999.11 4016.98,999.56"/>
    </edge>
    <edge id=":10075091974_2" function="internal">
        <lane id=":10075091974_2_0" index="0" allow="private emergency authority army vip passenger hov taxi bus coach delivery truck trailer motorcycle evehicle custom1 custom2" speed="39.44" length="3.00" shape="4019.44,995.92 4016.48,996.40"/>
        <lane id=":10075091974_2_1" index="1" allow="private emergency authority army vip passenger hov taxi bus coach delivery truck trailer motorcycle evehicle custom1 custom2" speed="39.44" length="3.00" shape="4018.94,992.76 4015.97,993.24"/>
    </edge>
    <edge id=":1016463159-AddedOffRampNode_0" function="internal">
        <lane id=":1016463159-AddedOffRampNode_0_0" index="0" allow="private emergency authority army vip passenger hov taxi bus coach delivery truck trailer motorcycle evehicle custom1 custom2" speed="39.44" length="8.92" shape="4769.00,840.70 4766.56,842.22 4765.73,844.64 4764.89,847.06 4762.45,848.59"/>
        <lane id=":1016463159-AddedOffRampNode_0_1" index="1" allow="private emergency authority army vip passenger hov taxi bus coach delivery truck trailer motorcycle evehicle custom1 custom2" speed="39.44" length="8.92" shape="4769.00,840.70 4766.69,841.69 4765.40,843.08 4764.12,844.47 4761.81,845.45"/>
        <lane id=":1016463159-AddedOffRampNode_0_2" index="2" allow="private emergency authority army vip passenger hov taxi bus coach delivery truck trailer motorcycle evehicle custom1 custom2" speed="39.44" length="8.92" shape="4769.00,840.70 4761.16,842.32"/>
        <lane id=":1016463159-AddedOffRampNode_0_3" index="3" allow="private emergency authority army vip passenger hov taxi bus coach delivery truck trailer motorcycle evehicle custom1 custom2" speed="39.44" length="8.92" shape="4768.35,837.57 4760.52,839.18"/>
    </edge>
    <edge id=":1100853210#2-AddedOnRampNode_0" function="internal">
        <lane id=":1100853210#2-AddedOnRampNode_0_0" index="0" allow="private emergency authority army vip passenger hov taxi bus coach delivery truck trailer motorcycle evehicle custom1 custom2" speed="39.44" length="8.00" shape="3923.05,1010.84 3915.13,1011.93"/>
        <lane id=":1100853210#2-AddedOnRampNode_0_1" index="1" allow="private emergency authority army vip passenger hov taxi bus coach delivery truck trailer motorcycle evehicle custom1 custom2" speed="39.44" length="8.00" shape="3922.62,1007.67 3914.69,1008.76"/>
    </edge>
    <edge id=":1100853212#2-AddedOnRampNode_0" function="internal">
        <lane id=":1100853212#2-AddedOnRampNode_0_0" index="0" allow="private emergency authority army vip passenger hov taxi bus coach delivery truck trailer motorcycle evehicle custom1 custom2" speed="39.44" length="8.00" shape="4995.12,778.14 5002.95,776.53"/>
        <lane id=":1100853212#2-AddedOnRampNode_0_1" index="1" allow="private emergency authority army vip passenger hov taxi bus coach delivery truck trailer motorcycle evehicle custom1 custom2" speed="39.44" length="8.00" shape="4995.76,781.28 5003.60,779.66"/>
    </edge>
    <edge id=":1100853216-AddedOffRampNode_0" function="internal">
        <lane id=":1100853216-AddedOffRampNode_0_0" index="0" allow="private emergency authority army vip passenger hov taxi bus coach delivery truck trailer motorcycle evehicle custom1 custom2" speed="39.44" length="8.92" shape="4229.35,939.94 4231.78,938.40 4232.60,935.98 4233.42,933.55 4235.84,932.01"/>
        <lane id=":1100853216-AddedOffRampNode_0_1" index="1" allow="private emergency authority army vip passenger hov taxi bus coach delivery truck trailer motorcycle evehicle custom1 custom2" speed="39.44" length="8.92" shape="4229.35,939.94 4231.66,938.94 4232.93,937.54 4234.21,936.14 4236.51,935.14"/>
        <lane id=":1100853216-AddedOffRampNode_0_2" index="2" allow="private emergency authority army vip passenger hov taxi bus coach delivery truck trailer motorcycle evehicle custom1 custom2" speed="39.44" length="8.92" shape="4229.35,939.94 4237.18,938.27"/>
        <lane id=":1100853216-AddedOffRampNode_0_3" index="3" allow="private emergency authority army vip passenger hov taxi bus coach delivery truck trailer motorcycle evehicle custom1 custom2" speed="39.44" length="8.92" shape="4230.02,943.07 4237.84,941.40"/>
    </edge>
    <edge id=":9237191173_0" function="internal">
        <lane id=":9237191173_0_0" index="0" disallow="tram rail_urban rail rail_electric rail_fast ship" speed="3.65" length="4.67" shape="3894.28,1639.19 3893.49,1640.40 3892.69,1640.80 3891.89,1640.40 3891.08,1639.21"/>
    </edge>
    <edge id=":9237191176_0" function="internal">
        <lane id=":9237191176_0_0" index="0" disallow="tram rail_urban rail rail_electric rail_fast ship" speed="3.65" length="4.67" shape="3894.88,-0.01 3895.69,-1.21 3896.49,-1.60 3897.29,-1.19 3898.08,0.01"/>
    </edge>

    <edge id="-1000719831" from="9237191176" to="9237191173" priority="4" type="highway.unclassified" shape="3896.48,0.00 3889.54,961.74 3889.26,1059.30 3892.68,1639.20">
        <lane id="-1000719831_0" index="0" disallow="tram rail_urban rail rail_electric rail_fast ship" speed="13.89" length="1639.21" shape="3898.08,0.01 3891.14,961.75 3890.86,1059.30 3894.28,1639.19">
            <param key="origId" value="1000719831 1100853209 1100853208"/>
        </lane>
    </edge>
    <edge id="1016463159" from="10069144918" to="1016463159-AddedOffRampNode" name="哈肇高速" priority="14" type="highway.motorway" spreadType="center" shape="9158.25,445.79 9099.10,454.43 8951.14,473.41 8876.96,481.97 8808.35,487.71 8671.16,497.02 8599.44,500.73 8456.00,505.74 8098.16,510.82 7048.40,502.14 6804.99,504.70 6744.23,506.13 6622.71,511.21 6556.50,515.22 6490.34,520.11 6424.24,525.88 6358.23,532.52 6292.31,540.03 6226.67,548.40 5185.10,753.42 4764.76,839.94">
        <lane id="1016463159_0" index="0" allow="private emergency authority army vip passenger hov taxi bus coach delivery truck trailer motorcycle evehicle custom1 custom2" speed="39.44" length="4423.41" shape="9158.48,447.37 9099.32,456.02 8951.33,475.00 8877.12,483.56 8808.47,489.31 8671.26,498.62 8599.51,502.33 8456.04,507.34 8098.16,512.42 7048.40,503.74 6805.02,506.30 6744.28,507.73 6622.79,512.81 6556.61,516.82 6490.47,521.70 6424.39,527.47 6358.40,534.11 6292.50,541.62 6226.93,549.98 5185.42,754.99 4769.00,840.70">
            <param key="origId" value="1016463159 1100853210"/>
        </lane>
        <lane id="1016463159_1" index="1" allow="private emergency authority army vip passenger hov taxi bus coach delivery truck trailer motorcycle evehicle custom1 custom2" speed="39.44" length="4423.41" shape="9158.02,444.21 9098.88,452.84 8950.95,471.82 8876.80,480.38 8808.23,486.11 8671.06,495.42 8599.37,499.13 8455.96,504.14 8098.16,509.22 7048.40,500.54 6804.96,503.10 6744.18,504.53 6622.63,509.61 6556.39,513.62 6490.21,518.52 6424.09,524.29 6358.06,530.93 6292.12,538.44 6226.41,546.82 5184.78,751.85 4768.35,837.57">
            <param key="origId" value="1016463159 1100853210"/>
        </lane>
        <param key="ref" value="S22"/>
    </edge>
    <edge id="1016463159-AddedOffRampEdge" from="1016463159-AddedOffRampNode" to="10075081591" name="哈肇高速" priority="14" type="highway.motorway" spreadType="center" shape="4765.40,843.08 4667.45,863.24">
        <lane id="1016463159-AddedOffRampEdge_0" index="0" allow="private emergency authority army vip passenger hov taxi bus coach delivery truck trailer motorcycle evehicle custom1 custom2" speed="39.44" length="94.59" shape="4762.45,848.59 4669.80,867.66">
            <param key="origId" value="1016463159 1100853210"/>
        </lane>
        <lane id="1016463159-AddedOffRampEdge_1" index="1" allow="private emergency authority army vip passenger hov taxi bus coach delivery truck trailer motorcycle evehicle custom1 custom2" speed="39.44" length="94.59" shape="4761.81,845.45 4669.16,864.52">
            <param key="origId" value="1016463159 1100853210"/>
        </lane>
        <lane id="1016463159-AddedOffRampEdge_2" index="2" allow="private emergency authority army vip passenger hov taxi bus coach delivery truck trailer motorcycle evehicle custom1 custom2" speed="39.44" length="94.59" shape="4761.16,842.32 4668.51,861.39">
            <param key="origId" value="1016463159 1100853210"/>
        </lane>
        <lane id="1016463159-AddedOffRampEdge_3" index="3" allow="private emergency authority army vip passenger hov taxi bus coach delivery truck trailer motorcycle evehicle custom1 custom2" speed="39.44" length="94.59" shape="4760.52,839.18 4667.87,858.25">
            <param key="origId" value="1016463159 1100853210"/>
        </lane>
        <param key="ref" value="S22"/>
    </edge>
    <edge id="1100853200#0" from="10075081591" to="10075091960" priority="14" type="highway.motorway" spreadType="center" shape="4668.10,866.37 4517.61,904.10 4454.48,925.74 4418.46,945.22 4387.01,968.96 4363.79,993.05 4342.05,1023.40 4327.25,1053.51 4311.63,1096.88 4304.60,1132.41 4306.17,1170.70">
        <lane id="1100853200#0_0" index="0" allow="private emergency authority army vip passenger hov taxi bus coach delivery truck trailer motorcycle evehicle custom1 custom2" speed="39.44" length="524.30" shape="4667.12,868.27 4518.06,905.64 4455.12,927.21 4419.33,946.57 4388.07,970.16 4365.02,994.08 4343.43,1024.22 4328.73,1054.14 4313.18,1097.31 4306.21,1132.53 4307.71,1169.25">
            <param key="origId" value="1100853200"/>
        </lane>
        <lane id="1100853200#0_1" index="1" allow="private emergency authority army vip passenger hov taxi bus coach delivery truck trailer motorcycle evehicle custom1 custom2" speed="39.44" length="524.30" shape="4666.34,865.16 4517.16,902.56 4453.84,924.27 4417.59,943.87 4385.95,967.76 4362.56,992.02 4340.67,1022.58 4325.77,1052.88 4310.08,1096.45 4302.99,1132.29 4304.51,1169.15">
            <param key="origId" value="1100853200"/>
        </lane>
    </edge>
    <edge id="1100853200#1-AddedOnRampEdge" from="10075091960" to="1100853200#1-AddedOnRampNode" priority="14" type="highway.motorway" spreadType="center" shape="4302.98,1170.93 4304.95,1198.35 4311.75,1250.44 4312.87,1270.44">
        <lane id="1100853200#1-AddedOnRampEdge_0" index="0" allow="private emergency authority army vip passenger hov taxi bus coach delivery truck trailer motorcycle evehicle custom1 custom2" speed="39.44" length="98.53" acceleration="1" shape="4307.88,1172.11 4309.73,1197.87 4316.53,1249.99 4317.66,1270.17">
            <param key="origId" value="1100853200"/>
        </lane>
        <lane id="1100853200#1-AddedOnRampEdge_1" index="1" allow="private emergency authority army vip passenger hov taxi bus coach delivery truck trailer motorcycle evehicle custom1 custom2" speed="39.44" length="98.53" acceleration="1" shape="4304.69,1172.33 4306.54,1198.19 4313.34,1250.29 4314.47,1270.35">
            <param key="origId" value="1100853200"/>
        </lane>
        <lane id="1100853200#1-AddedOnRampEdge_2" index="2" allow="private emergency authority army vip passenger hov taxi bus coach delivery truck trailer motorcycle evehicle custom1 custom2" speed="39.44" length="98.53" shape="4301.49,1172.56 4303.36,1198.51 4310.16,1250.59 4311.27,1270.53">
            <param key="origId" value="1100853200"/>
        </lane>
        <lane id="1100853200#1-AddedOnRampEdge_3" index="3" allow="private emergency authority army vip passenger hov taxi bus coach delivery truck trailer motorcycle evehicle custom1 custom2" speed="39.44" length="98.53" shape="4298.30,1172.79 4300.17,1198.83 4306.97,1250.89 4308.08,1270.71">
            <param key="origId" value="1100853200"/>
        </lane>
    </edge>
    <edge id="1100853202" from="10075091933" to="10075091960" priority="14" type="highway.motorway" spreadType="center" shape="4329.42,911.63 4445.51,884.46 4502.43,866.17 4532.95,852.55 4550.13,836.85 4561.04,822.62 4567.52,808.54 4570.70,790.16 4569.52,773.82 4564.42,753.82 4555.17,741.53 4543.44,731.20 4528.05,724.78 4507.02,719.81 4488.69,719.80 4466.02,722.45 4434.58,727.91 4408.95,736.33 4383.45,749.16 4366.84,762.94 4346.63,782.52 4334.59,800.58 4324.55,821.70 4315.42,850.99 4313.61,872.48 4305.75,1015.79 4302.03,1093.42 4299.78,1171.16">
        <lane id="1100853202_0" index="0" allow="private emergency authority army vip passenger hov taxi bus coach delivery truck trailer motorcycle evehicle custom1 custom2" speed="39.44" length="965.03" shape="4330.62,909.71 4445.08,882.92 4501.86,864.67 4532.06,851.19 4548.95,835.76 4559.66,821.79 4565.98,808.06 4569.09,790.08 4567.93,774.08 4562.95,754.53 4553.99,742.62 4542.58,732.58 4527.55,726.31 4506.83,721.41 4488.78,721.40 4466.25,724.03 4434.97,729.47 4409.56,737.81 4384.33,750.51 4367.91,764.13 4347.87,783.55 4335.99,801.37 4326.04,822.28 4317.00,851.30 4315.21,872.59 4307.35,1015.87 4303.63,1093.48 4301.44,1169.06">
            <param key="origId" value="1100853202 1100853206 1100853204"/>
        </lane>
        <lane id="1100853202_1" index="1" allow="private emergency authority army vip passenger hov taxi bus coach delivery truck trailer motorcycle evehicle custom1 custom2" speed="39.44" length="965.03" shape="4331.34,912.82 4445.94,886.00 4503.00,867.67 4533.84,853.91 4551.31,837.94 4562.42,823.45 4569.06,809.02 4572.31,790.24 4571.11,773.56 4565.89,753.11 4556.35,740.44 4544.30,729.82 4528.55,723.25 4507.21,718.21 4488.60,718.20 4465.79,720.87 4434.19,726.35 4408.34,734.85 4382.57,747.81 4365.77,761.75 4345.39,781.49 4333.19,799.79 4323.06,821.12 4313.84,850.68 4312.01,872.37 4304.15,1015.71 4300.43,1093.36 4298.24,1168.97">
            <param key="origId" value="1100853202 1100853206 1100853204"/>
        </lane>
    </edge>
    <edge id="1100853203#0" from="10075081604" to="10075091961" priority="14" type="highway.motorway" spreadType="center" shape="4275.31,1277.93 4278.98,1236.10 4284.21,1203.84 4285.55,1180.68">
        <lane id="1100853203#0_0" index="0" allow="private emergency authority army vip passenger hov taxi bus coach delivery truck trailer motorcycle evehicle custom1 custom2" speed="39.44" length="96.41" shape="4270.53,1277.51 4274.21,1235.51 4279.43,1203.32 4280.67,1181.86">
            <param key="origId" value="1100853203"/>
        </lane>
        <lane id="1100853203#0_1" index="1" allow="private emergency authority army vip passenger hov taxi bus coach delivery truck trailer motorcycle evehicle custom1 custom2" speed="39.44" length="96.41" shape="4273.72,1277.79 4277.39,1235.90 4282.62,1203.67 4283.87,1182.05">
            <param key="origId" value="1100853203"/>
        </lane>
        <lane id="1100853203#0_2" index="2" allow="private emergency authority army vip passenger hov taxi bus coach delivery truck trailer motorcycle evehicle custom1 custom2" speed="39.44" length="96.41" shape="4276.90,1278.07 4280.57,1236.30 4285.80,1204.01 4287.06,1182.23">
            <param key="origId" value="1100853203"/>
        </lane>
        <lane id="1100853203#0_3" index="3" allow="private emergency authority army vip passenger hov taxi bus coach delivery truck trailer motorcycle evehicle custom1 custom2" speed="39.44" length="96.41" shape="4280.09,1278.35 4283.75,1236.69 4288.99,1204.36 4290.26,1182.42">
            <param key="origId" value="1100853203"/>
        </lane>
    </edge>
    <edge id="1100853203#1" from="10075091961" to="10075091932" priority="14" type="highway.motorway" spreadType="center" shape="4288.75,1180.86 4290.39,1161.23 4291.57,1120.86 4293.49,1064.72 4295.68,1016.75 4297.42,974.47 4301.88,899.97 4305.33,851.96 4310.22,827.85 4320.72,801.66 4336.36,777.83 4357.12,755.71 4382.47,738.47 4416.68,721.58 4446.79,714.90 4481.44,711.21 4513.74,712.66 4541.21,721.20 4572.09,737.18 4598.57,753.94 4625.71,771.31 4651.51,786.83 4682.31,800.29 4720.54,809.10 4763.54,809.56 4805.88,808.78 4900.12,792.80">
        <lane id="1100853203#1_0" index="0" allow="private emergency authority army vip passenger hov taxi bus coach delivery truck trailer motorcycle evehicle custom1 custom2" speed="39.44" length="1015.85" shape="4287.28,1179.27 4288.79,1161.14 4289.97,1120.81 4291.89,1064.66 4294.08,1016.68 4295.82,974.39 4300.28,899.86 4303.74,851.74 4308.68,827.39 4319.29,800.92 4335.10,776.84 4356.07,754.49 4381.66,737.08 4416.14,720.06 4446.53,713.32 4481.39,709.61 4514.02,711.07 4541.82,719.71 4572.89,735.79 4599.43,752.59 4626.55,769.95 4652.25,785.41 4682.81,798.76 4720.73,807.50 4763.53,807.96 4805.73,807.18 4898.31,791.48">
            <param key="origId" value="1100853203 1100853205 1100853201"/>
        </lane>
        <lane id="1100853203#1_1" index="1" allow="private emergency authority army vip passenger hov taxi bus coach delivery truck trailer motorcycle evehicle custom1 custom2" speed="39.44" length="1015.85" shape="4290.47,1179.53 4291.99,1161.32 4293.17,1120.91 4295.09,1064.78 4297.28,1016.82 4299.02,974.55 4303.48,900.08 4306.92,852.18 4311.76,828.31 4322.15,802.40 4337.62,778.82 4358.17,756.93 4383.28,739.86 4417.22,723.10 4447.05,716.48 4481.49,712.81 4513.46,714.25 4540.60,722.69 4571.29,738.57 4597.71,755.29 4624.87,772.67 4650.77,788.25 4681.81,801.82 4720.35,810.70 4763.55,811.16 4806.03,810.38 4898.95,794.62">
            <param key="origId" value="1100853203 1100853205 1100853201"/>
        </lane>
    </edge>
    <edge id="1100853207" from="10075091961" to="10075091974" priority="14" type="highway.motorway" spreadType="center" shape="4282.36,1180.49 4283.08,1131.87 4277.80,1106.21 4269.43,1082.54 4262.01,1068.92 4249.96,1048.54 4238.14,1035.70 4222.48,1021.09 4205.05,1010.34 4186.34,998.99 4166.45,990.20 4144.85,987.14 4122.07,986.65 4018.71,1000.90">
        <lane id="1100853207_0" index="0" allow="private emergency authority army vip passenger hov taxi bus coach delivery truck trailer motorcycle evehicle custom1 custom2" speed="39.44" length="387.85" shape="4280.78,1178.80 4281.48,1132.02 4276.25,1106.64 4267.96,1083.19 4260.62,1069.71 4248.67,1049.50 4237.00,1036.83 4221.50,1022.37 4204.22,1011.70 4185.60,1000.41 4166.01,991.75 4144.72,988.74 4122.16,988.25 4020.46,1002.27">
            <param key="origId" value="1100853207"/>
        </lane>
        <lane id="1100853207_1" index="1" allow="private emergency authority army vip passenger hov taxi bus coach delivery truck trailer motorcycle evehicle custom1 custom2" speed="39.44" length="387.85" shape="4283.98,1178.84 4284.68,1131.72 4279.35,1105.78 4270.90,1081.89 4263.40,1068.13 4251.25,1047.58 4239.28,1034.57 4223.46,1019.81 4205.88,1008.98 4187.08,997.57 4166.89,988.65 4144.98,985.54 4121.98,985.05 4019.95,999.11">
            <param key="origId" value="1100853207"/>
        </lane>
    </edge>
    <edge id="1100853208" from="9237191173" to="9237191176" priority="4" type="highway.unclassified" shape="3892.68,1639.20 3889.26,1059.30 3889.54,961.74 3896.48,0.00">
        <lane id="1100853208_0" index="0" disallow="tram rail_urban rail rail_electric rail_fast ship" speed="13.89" length="1639.26" shape="3891.08,1639.21 3887.66,1059.30 3887.94,961.73 3894.88,-0.01">
            <param key="origId" value="1100853208 1100853209 1000719831"/>
        </lane>
    </edge>
    <edge id="1100853210#1" from="10075081591" to="10075091974" name="哈肇高速" priority="14" type="highway.motorway" spreadType="center" shape="4666.81,860.10 4365.80,922.09 4304.66,937.21 4243.14,951.40 4181.41,964.63 4119.47,976.91 4057.34,988.24 4017.70,994.58">
        <lane id="1100853210#1_0" index="0" allow="private emergency authority army vip passenger hov taxi bus coach delivery truck trailer motorcycle evehicle custom1 custom2" speed="39.44" length="659.83" shape="4665.55,861.99 4366.15,923.65 4305.03,938.77 4243.49,952.96 4181.73,966.20 4119.77,978.48 4057.61,989.82 4019.44,995.92">
            <param key="origId" value="1100853210"/>
        </lane>
        <lane id="1100853210#1_1" index="1" allow="private emergency authority army vip passenger hov taxi bus coach delivery truck trailer motorcycle evehicle custom1 custom2" speed="39.44" length="659.83" shape="4664.77,858.89 4365.45,920.53 4304.29,935.65 4242.79,949.84 4181.09,963.06 4119.17,975.34 4057.07,986.66 4018.94,992.76">
            <param key="origId" value="1100853210"/>
        </lane>
        <param key="ref" value="S22"/>
    </edge>
    <edge id="1100853210#2" from="1100853210#2-AddedOnRampNode" to="9375269739" name="哈肇高速" priority="14" type="highway.motorway" spreadType="center" shape="3918.87,1009.80 3796.85,1026.61 3697.58,1039.35 3513.13,1060.73 3328.20,1079.21 3222.98,1082.83 3117.91,1085.53 3012.81,1087.33 2828.35,1088.28 2736.11,1087.72 2643.87,1086.44 2504.24,1083.09 2443.34,1081.63 2111.19,1073.66 859.02,1049.59 591.33,1042.98 383.51,1039.96 309.58,1040.10 235.64,1041.26 161.73,1043.43 90.61,1046.46 0.00,1052.37">
        <lane id="1100853210#2_0" index="0" allow="private emergency authority army vip passenger hov taxi bus coach delivery truck trailer motorcycle evehicle custom1 custom2" speed="39.44" length="3919.91" shape="3915.13,1011.93 3797.06,1028.20 3697.77,1040.94 3513.30,1062.32 3328.31,1080.81 3223.03,1084.43 3117.94,1087.13 3012.83,1088.93 2828.35,1089.88 2736.09,1089.32 2643.84,1088.04 2504.20,1084.69 2443.30,1083.23 2111.16,1075.26 858.98,1051.19 591.30,1044.58 383.50,1041.56 309.59,1041.70 235.68,1042.86 161.79,1045.03 90.70,1048.06 0.10,1053.97">
            <param key="origId" value="1100853210 1100853211 1100853214"/>
        </lane>
        <lane id="1100853210#2_1" index="1" allow="private emergency authority army vip passenger hov taxi bus coach delivery truck trailer motorcycle evehicle custom1 custom2" speed="39.44" length="3919.91" shape="3914.69,1008.76 3796.64,1025.02 3697.39,1037.76 3512.96,1059.14 3328.09,1077.61 3222.93,1081.23 3117.88,1083.93 3012.79,1085.73 2828.35,1086.68 2736.13,1086.12 2643.90,1084.84 2504.28,1081.49 2443.38,1080.03 2111.22,1072.06 859.06,1047.99 591.36,1041.38 383.52,1038.36 309.57,1038.50 235.60,1039.66 161.67,1041.83 90.52,1044.86 -0.10,1050.77">
            <param key="origId" value="1100853210 1100853211 1100853214"/>
        </lane>
        <param key="ref" value="S22"/>
    </edge>
    <edge id="1100853210#2-AddedOnRampEdge" from="10075091974" to="1100853210#2-AddedOnRampNode" name="哈肇高速" priority="14" type="highway.motorway" spreadType="center" shape="4018.21,997.74 3946.05,1009.28 3919.31,1012.97">
        <lane id="1100853210#2-AddedOnRampEdge_0" index="0" allow="private emergency authority army vip passenger hov taxi bus coach delivery truck trailer motorcycle evehicle custom1 custom2" speed="39.44" length="94.58" acceleration="1" shape="4017.49,1002.72 3946.76,1014.03 3923.93,1017.18">
            <param key="origId" value="1100853210 1100853211 1100853214"/>
        </lane>
        <lane id="1100853210#2-AddedOnRampEdge_1" index="1" allow="private emergency authority army vip passenger hov taxi bus coach delivery truck trailer motorcycle evehicle custom1 custom2" speed="39.44" length="94.58" acceleration="1" shape="4016.98,999.56 3946.29,1010.86 3923.49,1014.01">
            <param key="origId" value="1100853210 1100853211 1100853214"/>
        </lane>
        <lane id="1100853210#2-AddedOnRampEdge_2" index="2" allow="private emergency authority army vip passenger hov taxi bus coach delivery truck trailer motorcycle evehicle custom1 custom2" speed="39.44" length="94.58" shape="4016.48,996.40 3945.81,1007.70 3923.05,1010.84">
            <param key="origId" value="1100853210 1100853211 1100853214"/>
        </lane>
        <lane id="1100853210#2-AddedOnRampEdge_3" index="3" allow="private emergency authority army vip passenger hov taxi bus coach delivery truck trailer motorcycle evehicle custom1 custom2" speed="39.44" length="94.58" shape="4015.97,993.24 3945.34,1004.53 3922.62,1007.67">
            <param key="origId" value="1100853210 1100853211 1100853214"/>
        </lane>
        <param key="ref" value="S22"/>
    </edge>
    <edge id="1100853212#1" from="10075091933" to="10075091932" name="哈肇高速" priority="14" type="highway.motorway" spreadType="center" shape="4330.96,917.84 4363.02,909.92 4901.41,799.06">
        <lane id="1100853212#1_0" index="0" allow="private emergency authority army vip passenger hov taxi bus coach delivery truck trailer motorcycle evehicle custom1 custom2" speed="39.44" length="579.68" shape="4332.07,915.92 4362.67,908.36 4899.61,797.80">
            <param key="origId" value="1100853212"/>
        </lane>
        <lane id="1100853212#1_1" index="1" allow="private emergency authority army vip passenger hov taxi bus coach delivery truck trailer motorcycle evehicle custom1 custom2" speed="39.44" length="579.68" shape="4332.80,919.03 4363.37,911.48 4900.25,800.93">
            <param key="origId" value="1100853212"/>
        </lane>
        <param key="ref" value="S22"/>
    </edge>
    <edge id="1100853212#2" from="1100853212#2-AddedOnRampNode" to="10069144917" name="哈肇高速" priority="14" type="highway.motorway" spreadType="center" shape="4999.36,778.90 5182.57,741.19 6224.66,536.06 6290.81,527.63 6356.89,520.11 6423.07,513.45 6489.33,507.67 6555.66,502.77 6622.07,498.75 6743.83,493.66 6804.78,492.22 7048.39,489.65 8098.13,498.34 8455.70,493.26 8598.90,488.25 8670.41,484.57 8807.41,475.27 8875.71,469.54 8949.63,461.03 9097.40,442.07 9155.44,433.59">
        <lane id="1100853212#2_0" index="0" allow="private emergency authority army vip passenger hov taxi bus coach delivery truck trailer motorcycle evehicle custom1 custom2" speed="39.44" length="4181.03" shape="5002.95,776.53 5182.25,739.62 6224.40,534.48 6290.62,526.04 6356.72,518.52 6422.92,511.86 6489.20,506.08 6555.55,501.17 6621.99,497.15 6743.78,492.06 6804.75,490.62 7048.39,488.05 8098.13,496.74 8455.66,491.66 8598.83,486.65 8670.31,482.97 8807.29,473.67 8875.55,467.95 8949.44,459.44 9097.18,440.48 9155.21,432.01">
            <param key="origId" value="1100853212 1016463158"/>
        </lane>
        <lane id="1100853212#2_1" index="1" allow="private emergency authority army vip passenger hov taxi bus coach delivery truck trailer motorcycle evehicle custom1 custom2" speed="39.44" length="4181.03" shape="5003.60,779.66 5182.89,742.76 6224.92,537.64 6291.00,529.22 6357.06,521.70 6423.22,515.04 6489.46,509.26 6555.77,504.37 6622.15,500.35 6743.88,495.26 6804.81,493.82 7048.39,491.25 8098.13,499.94 8455.74,494.86 8598.97,489.85 8670.51,486.17 8807.53,476.87 8875.87,471.13 8949.82,462.62 9097.62,443.66 9155.67,435.17">
            <param key="origId" value="1100853212 1016463158"/>
        </lane>
        <param key="ref" value="S22"/>
    </edge>
    <edge id="1100853212#2-AddedOnRampEdge" from="10075091932" to="1100853212#2-AddedOnRampNode" name="哈肇高速" priority="14" type="highway.motorway" spreadType="center" shape="4900.77,795.93 4998.71,775.77">
        <lane id="1100853212#2-AddedOnRampEdge_0" index="0" allow="private emergency authority army vip passenger hov taxi bus coach delivery truck trailer motorcycle evehicle custom1 custom2" speed="39.44" length="94.51" acceleration="1" shape="4901.25,790.93 4993.83,771.87">
            <param key="origId" value="1100853212 1016463158"/>
        </lane>
        <lane id="1100853212#2-AddedOnRampEdge_1" index="1" allow="private emergency authority army vip passenger hov taxi bus coach delivery truck trailer motorcycle evehicle custom1 custom2" speed="39.44" length="94.51" acceleration="1" shape="4901.90,794.06 4994.47,775.01">
            <param key="origId" value="1100853212 1016463158"/>
        </lane>
        <lane id="1100853212#2-AddedOnRampEdge_2" index="2" allow="private emergency authority army vip passenger hov taxi bus coach delivery truck trailer motorcycle evehicle custom1 custom2" speed="39.44" length="94.51" shape="4902.54,797.20 4995.12,778.14">
            <param key="origId" value="1100853212 1016463158"/>
        </lane>
        <lane id="1100853212#2-AddedOnRampEdge_3" index="3" allow="private emergency authority army vip passenger hov taxi bus coach delivery truck trailer motorcycle evehicle custom1 custom2" speed="39.44" length="94.51" shape="4903.19,800.33 4995.76,781.28">
            <param key="origId" value="1100853212 1016463158"/>
        </lane>
        <param key="ref" value="S22"/>
    </edge>
    <edge id="1100853216" from="9375269496" to="1100853216-AddedOffRampNode" name="哈肇高速" priority="14" type="highway.motorway" spreadType="center" shape="4.91,1039.71 89.99,1033.99 161.28,1030.95 235.36,1028.77 309.47,1027.61 383.60,1027.46 591.58,1030.50 859.30,1037.12 2111.46,1061.18 2444.62,1069.16 2506.42,1070.65 2644.11,1073.96 2736.24,1075.22 2828.37,1075.80 3012.67,1074.84 3117.64,1073.05 3222.61,1070.35 3327.36,1066.75 3511.78,1048.32 3696.06,1026.95 3795.20,1014.23 3943.72,993.77 4055.22,975.93 4117.13,964.65 4178.88,952.40 4233.60,940.67">
        <lane id="1100853216_0" index="0" allow="private emergency authority army vip passenger hov taxi bus coach delivery truck trailer motorcycle evehicle custom1 custom2" speed="39.44" length="4234.85" shape="4.80,1038.11 89.90,1032.39 161.22,1029.35 235.32,1027.17 309.46,1026.01 383.61,1025.86 591.61,1028.90 859.34,1035.52 2111.49,1059.58 2444.66,1067.56 2506.46,1069.05 2644.14,1072.36 2736.26,1073.62 2828.37,1074.20 3012.65,1073.24 3117.61,1071.45 3222.56,1068.75 3327.25,1065.15 3511.61,1046.73 3695.87,1025.36 3794.99,1012.64 3943.48,992.19 4054.95,974.35 4116.83,963.08 4178.56,950.83 4229.35,939.94">
            <param key="origId" value="1100853216 1100853213 1100853212"/>
        </lane>
        <lane id="1100853216_1" index="1" allow="private emergency authority army vip passenger hov taxi bus coach delivery truck trailer motorcycle evehicle custom1 custom2" speed="39.44" length="4234.85" shape="5.02,1041.31 90.08,1035.59 161.34,1032.55 235.40,1030.37 309.48,1029.21 383.59,1029.06 591.55,1032.10 859.26,1038.72 2111.43,1062.78 2444.58,1070.76 2506.38,1072.25 2644.08,1075.56 2736.22,1076.82 2828.37,1077.40 3012.69,1076.44 3117.67,1074.65 3222.66,1071.95 3327.47,1068.35 3511.95,1049.91 3696.25,1028.54 3795.41,1015.82 3943.96,995.35 4055.49,977.51 4117.43,966.22 4179.20,953.97 4230.02,943.07">
            <param key="origId" value="1100853216 1100853213 1100853212"/>
        </lane>
        <param key="ref" value="S22"/>
    </edge>
    <edge id="1100853216-AddedOffRampEdge" from="1100853216-AddedOffRampNode" to="10075091933" name="哈肇高速" priority="14" type="highway.motorway" spreadType="center" shape="4232.93,937.54 4239.72,936.09 4301.00,921.94 4330.19,914.73">
        <lane id="1100853216-AddedOffRampEdge_0" index="0" allow="private emergency authority army vip passenger hov taxi bus coach delivery truck trailer motorcycle evehicle custom1 custom2" speed="39.44" length="94.38" shape="4235.84,932.01 4238.68,931.40 4299.88,917.27 4327.56,910.43">
            <param key="origId" value="1100853216 1100853213 1100853212"/>
        </lane>
        <lane id="1100853216-AddedOffRampEdge_1" index="1" allow="private emergency authority army vip passenger hov taxi bus coach delivery truck trailer motorcycle evehicle custom1 custom2" speed="39.44" length="94.38" shape="4236.51,935.14 4239.37,934.53 4300.63,920.38 4328.33,913.54">
            <param key="origId" value="1100853216 1100853213 1100853212"/>
        </lane>
        <lane id="1100853216-AddedOffRampEdge_2" index="2" allow="private emergency authority army vip passenger hov taxi bus coach delivery truck trailer motorcycle evehicle custom1 custom2" speed="39.44" length="94.38" shape="4237.18,938.27 4240.07,937.65 4301.37,923.50 4329.10,916.65">
            <param key="origId" value="1100853216 1100853213 1100853212"/>
        </lane>
        <lane id="1100853216-AddedOffRampEdge_3" index="3" allow="private emergency authority army vip passenger hov taxi bus coach delivery truck trailer motorcycle evehicle custom1 custom2" speed="39.44" length="94.38" shape="4237.84,941.40 4240.76,940.78 4302.12,926.61 4329.87,919.75">
            <param key="origId" value="1100853216 1100853213 1100853212"/>
        </lane>
        <param key="ref" value="S22"/>
    </edge>

    <junction id="10069144917" type="dead_end" x="9155.44" y="433.59" incLanes="1100853212#2_0 1100853212#2_1" intLanes="" shape="9154.98,430.42 9155.90,436.76"/>
    <junction id="10069144918" type="dead_end" x="9158.25" y="445.79" incLanes="" intLanes="" shape="9157.79,442.62 9158.71,448.96"/>
    <junction id="10075081591" type="priority" x="4666.81" y="860.10" incLanes="1016463159-AddedOffRampEdge_0 1016463159-AddedOffRampEdge_1 1016463159-AddedOffRampEdge_2 1016463159-AddedOffRampEdge_3" intLanes=":10075081591_0_0 :10075081591_0_1 :10075081591_2_0 :10075081591_2_1" shape="4670.12,869.22 4667.54,856.69 4664.38,857.33 4667.51,869.82">
        <request index="0" response="0000" foes="0000" cont="0"/>
        <request index="1" response="0000" foes="0000" cont="0"/>
        <request index="2" response="0000" foes="0000" cont="0"/>
        <request index="3" response="0000" foes="0000" cont="0"/>
    </junction>
    <junction id="10075081604" type="dead_end" x="4278.50" y="1278.20" incLanes="" intLanes="" shape="4281.69,1278.48 4268.94,1277.36"/>
    <junction id="10075091932" type="priority" x="4901.41" y="799.06" incLanes="1100853203#1_0 1100853203#1_1 1100853212#1_0 1100853212#1_1" intLanes=":10075091932_0_0 :10075091932_0_1 :10075091932_2_0 :10075091932_2_1" shape="4903.51,801.90 4900.93,789.36 4897.98,789.92 4900.57,802.50">
        <request index="0" response="0000" foes="0000" cont="0"/>
        <request index="1" response="0000" foes="0000" cont="0"/>
        <request index="2" response="0000" foes="0000" cont="0"/>
        <request index="3" response="0000" foes="0000" cont="0"/>
    </junction>
    <junction id="10075091933" type="priority" x="4330.96" y="917.84" incLanes="1100853216-AddedOffRampEdge_0 1100853216-AddedOffRampEdge_1 1100853216-AddedOffRampEdge_2 1100853216-AddedOffRampEdge_3" intLanes=":10075091933_0_0 :10075091933_0_1 :10075091933_2_0 :10075091933_2_1" shape="4333.16,920.59 4330.25,908.15 4327.18,908.88 4330.25,921.31">
        <request index="0" response="0000" foes="0000" cont="0"/>
        <request index="1" response="0000" foes="0000" cont="0"/>
        <request index="2" response="0000" foes="0000" cont="0"/>
        <request index="3" response="0000" foes="0000" cont="0"/>
    </junction>
    <junction id="10075091960" type="priority" x="4299.78" y="1171.16" incLanes="1100853202_0 1100853202_1 1100853200#0_0 1100853200#0_1" intLanes=":10075091960_0_0 :10075091960_0_1 :10075091960_2_0 :10075091960_2_1" shape="4296.71,1172.91 4309.47,1171.99 4309.32,1169.29 4296.64,1168.92 4296.60,1170.40 4296.60,1170.92 4296.61,1171.43 4296.65,1172.06">
        <request index="0" response="0000" foes="0000" cont="0"/>
        <request index="1" response="0000" foes="0000" cont="0"/>
        <request index="2" response="0000" foes="0000" cont="0"/>
        <request index="3" response="0000" foes="0000" cont="0"/>
    </junction>
    <junction id="10075091961" type="priority" x="4288.75" y="1180.86" incLanes="1100853203#0_0 1100853203#0_1 1100853203#0_2 1100853203#0_3" intLanes=":10075091961_0_0 :10075091961_0_1 :10075091961_2_0 :10075091961_2_1" shape="4292.06,1179.66 4285.68,1179.13 4285.58,1178.87 4279.19,1178.77 4279.08,1181.77 4291.85,1182.51">
        <request index="0" response="0000" foes="0000" cont="0"/>
        <request index="1" response="0000" foes="0000" cont="0"/>
        <request index="2" response="0000" foes="0000" cont="0"/>
        <request index="3" response="0000" foes="0000" cont="0"/>
    </junction>
    <junction id="10075091974" type="priority" x="4017.70" y="994.58" incLanes="1100853207_0 1100853207_1 1100853210#1_0 1100853210#1_1" intLanes=":10075091974_0_0 :10075091974_0_1 :10075091974_2_0 :10075091974_2_1" shape="4020.71,1003.85 4018.68,991.18 4015.72,991.66 4017.74,1004.30">
        <request index="0" response="0000" foes="0000" cont="0"/>
        <request index="1" response="0000" foes="0000" cont="0"/>
        <request index="2" response="0000" foes="0000" cont="0"/>
        <request index="3" response="0000" foes="0000" cont="0"/>
    </junction>
    <junction id="1016463159-AddedOffRampNode" type="priority" x="4764.76" y="839.94" incLanes="1016463159_0 1016463159_1" intLanes=":1016463159-AddedOffRampNode_0_0 :1016463159-AddedOffRampNode_0_1 :1016463159-AddedOffRampNode_0_2 :1016463159-AddedOffRampNode_0_3" shape="4769.32,842.27 4768.03,836.00 4760.19,837.62 4762.78,850.15 4764.65,849.28 4765.59,847.88 4766.51,844.54 4767.44,843.14">
        <request index="0" response="0000" foes="0000" cont="0"/>
        <request index="1" response="0000" foes="0000" cont="0"/>
        <request index="2" response="0000" foes="0000" cont="0"/>
        <request index="3" response="0000" foes="0000" cont="0"/>
    </junction>
    <junction id="1100853200#1-AddedOnRampNode" type="dead_end" x="4309.67" y="1270.62" incLanes="1100853200#1-AddedOnRampEdge_0 1100853200#1-AddedOnRampEdge_1 1100853200#1-AddedOnRampEdge_2 1100853200#1-AddedOnRampEdge_3" intLanes="" shape="4319.26,1270.08 4306.48,1270.80"/>
    <junction id="1100853210#2-AddedOnRampNode" type="priority" x="3918.87" y="1009.80" incLanes="1100853210#2-AddedOnRampEdge_0 1100853210#2-AddedOnRampEdge_1 1100853210#2-AddedOnRampEdge_2 1100853210#2-AddedOnRampEdge_3" intLanes=":1100853210#2-AddedOnRampNode_0_0 :1100853210#2-AddedOnRampNode_0_1" shape="3924.15,1018.76 3922.40,1006.08 3914.47,1007.18 3915.35,1013.52 3917.41,1013.71 3918.76,1014.72 3920.74,1017.56 3922.08,1018.57">
        <request index="0" response="00" foes="00" cont="0"/>
        <request index="1" response="00" foes="00" cont="0"/>
    </junction>
    <junction id="1100853212#2-AddedOnRampNode" type="priority" x="4999.36" y="778.90" incLanes="1100853212#2-AddedOnRampEdge_0 1100853212#2-AddedOnRampEdge_1 1100853212#2-AddedOnRampEdge_2 1100853212#2-AddedOnRampEdge_3" intLanes=":1100853212#2-AddedOnRampNode_0_0 :1100853212#2-AddedOnRampNode_0_1" shape="5003.92,781.23 5002.63,774.96 5000.56,774.90 4999.15,773.98 4996.99,771.28 4995.57,770.37 4993.50,770.31 4996.09,782.84">
        <request index="0" response="00" foes="00" cont="0"/>
        <request index="1" response="00" foes="00" cont="0"/>
    </junction>
    <junction id="1100853216-AddedOffRampNode" type="priority" x="4233.60" y="940.67" incLanes="1100853216_0 1100853216_1" intLanes=":1100853216-AddedOffRampNode_0_0 :1100853216-AddedOffRampNode_0_1 :1100853216-AddedOffRampNode_0_2 :1100853216-AddedOffRampNode_0_3" shape="4238.18,942.96 4235.51,930.45 4233.63,931.33 4232.71,932.74 4231.81,936.08 4230.89,937.49 4229.02,938.38 4230.36,944.64">
        <request index="0" response="0000" foes="0000" cont="0"/>
        <request index="1" response="0000" foes="0000" cont="0"/>
        <request index="2" response="0000" foes="0000" cont="0"/>
        <request index="3" response="0000" foes="0000" cont="0"/>
    </junction>
    <junction id="9237191173" type="priority" x="3892.68" y="1639.20" incLanes="-1000719831_0" intLanes=":9237191173_0_0" shape="3892.68,1639.20 3895.88,1639.18 3892.68,1639.20">
        <request index="0" response="0" foes="0" cont="0"/>
    </junction>
    <junction id="9237191176" type="priority" x="3896.48" y="0.00" incLanes="1100853208_0" intLanes=":9237191176_0_0" shape="3896.48,0.00 3893.28,-0.02 3896.48,-0.00">
        <request index="0" response="0" foes="0" cont="0"/>
    </junction>
    <junction id="9375269496" type="dead_end" x="4.91" y="1039.71" incLanes="" intLanes="" shape="5.12,1042.90 4.70,1036.52"/>
    <junction id="9375269739" type="dead_end" x="0.00" y="1052.37" incLanes="1100853210#2_0 1100853210#2_1" intLanes="" shape="0.21,1055.56 -0.21,1049.18"/>

    <connection from="-1000719831" to="1100853208" fromLane="0" toLane="0" via=":9237191173_0_0" dir="t" state="M"/>
    <connection from="1016463159" to="1016463159-AddedOffRampEdge" fromLane="0" toLane="0" via=":1016463159-AddedOffRampNode_0_0" dir="s" state="M"/>
    <connection from="1016463159" to="1016463159-AddedOffRampEdge" fromLane="0" toLane="1" via=":1016463159-AddedOffRampNode_0_1" dir="s" state="M"/>
    <connection from="1016463159" to="1016463159-AddedOffRampEdge" fromLane="0" toLane="2" via=":1016463159-AddedOffRampNode_0_2" dir="s" state="M"/>
    <connection from="1016463159" to="1016463159-AddedOffRampEdge" fromLane="1" toLane="3" via=":1016463159-AddedOffRampNode_0_3" dir="s" state="M"/>
    <connection from="1016463159-AddedOffRampEdge" to="1100853200#0" fromLane="0" toLane="0" via=":10075081591_0_0" dir="s" state="M"/>
    <connection from="1016463159-AddedOffRampEdge" to="1100853200#0" fromLane="1" toLane="1" via=":10075081591_0_1" dir="s" state="M"/>
    <connection from="1016463159-AddedOffRampEdge" to="1100853210#1" fromLane="2" toLane="0" via=":10075081591_2_0" dir="s" state="M"/>
    <connection from="1016463159-AddedOffRampEdge" to="1100853210#1" fromLane="3" toLane="1" via=":10075081591_2_1" dir="s" state="M"/>
    <connection from="1100853200#0" to="1100853200#1-AddedOnRampEdge" fromLane="0" toLane="0" via=":10075091960_2_0" dir="s" state="M"/>
    <connection from="1100853200#0" to="1100853200#1-AddedOnRampEdge" fromLane="1" toLane="1" via=":10075091960_2_1" dir="s" state="M"/>
    <connection from="1100853202" to="1100853200#1-AddedOnRampEdge" fromLane="0" toLane="2" via=":10075091960_0_0" dir="s" state="M"/>
    <connection from="1100853202" to="1100853200#1-AddedOnRampEdge" fromLane="1" toLane="3" via=":10075091960_0_1" dir="s" state="M"/>
    <connection from="1100853203#0" to="1100853207" fromLane="0" toLane="0" via=":10075091961_0_0" dir="s" state="M"/>
    <connection from="1100853203#0" to="1100853207" fromLane="1" toLane="1" via=":10075091961_0_1" dir="s" state="M"/>
    <connection from="1100853203#0" to="1100853203#1" fromLane="2" toLane="0" via=":10075091961_2_0" dir="s" state="M"/>
    <connection from="1100853203#0" to="1100853203#1" fromLane="3" toLane="1" via=":10075091961_2_1" dir="s" state="M"/>
    <connection from="1100853203#1" to="1100853212#2-AddedOnRampEdge" fromLane="0" toLane="0" via=":10075091932_0_0" dir="s" state="M"/>
    <connection from="1100853203#1" to="1100853212#2-AddedOnRampEdge" fromLane="1" toLane="1" via=":10075091932_0_1" dir="s" state="M"/>
    <connection from="1100853207" to="1100853210#2-AddedOnRampEdge" fromLane="0" toLane="0" via=":10075091974_0_0" dir="s" state="M"/>
    <connection from="1100853207" to="1100853210#2-AddedOnRampEdge" fromLane="1" toLane="1" via=":10075091974_0_1" dir="s" state="M"/>
    <connection from="1100853210#1" to="1100853210#2-AddedOnRampEdge" fromLane="0" toLane="2" via=":10075091974_2_0" dir="s" state="M"/>
    <connection from="1100853210#1" to="1100853210#2-AddedOnRampEdge" fromLane="1" toLane="3" via=":10075091974_2_1" dir="s" state="M"/>
    <connection from="1100853210#2-AddedOnRampEdge" to="1100853210#2" fromLane="2" toLane="0" via=":1100853210#2-AddedOnRampNode_0_0" dir="s" state="M"/>
    <connection from="1100853210#2-AddedOnRampEdge" to="1100853210#2" fromLane="3" toLane="1" via=":1100853210#2-AddedOnRampNode_0_1" dir="s" state="M"/>
    <connection from="1100853212#1" to="1100853212#2-AddedOnRampEdge" fromLane="0" toLane="2" via=":10075091932_2_0" dir="s" state="M"/>
    <connection from="1100853212#1" to="1100853212#2-AddedOnRampEdge" fromLane="1" toLane="3" via=":10075091932_2_1" dir="s" state="M"/>
    <connection from="1100853212#2-AddedOnRampEdge" to="1100853212#2" fromLane="2" toLane="0" via=":1100853212#2-AddedOnRampNode_0_0" dir="s" state="M"/>
    <connection from="1100853212#2-AddedOnRampEdge" to="1100853212#2" fromLane="3" toLane="1" via=":1100853212#2-AddedOnRampNode_0_1" dir="s" state="M"/>
    <connection from="1100853216" to="1100853216-AddedOffRampEdge" fromLane="0" toLane="0" via=":1100853216-AddedOffRampNode_0_0" dir="s" state="M"/>
    <connection from="1100853216" to="1100853216-AddedOffRampEdge" fromLane="0" toLane="1" via=":1100853216-AddedOffRampNode_0_1" dir="s" state="M"/>
    <connection from="1100853216" to="1100853216-AddedOffRampEdge" fromLane="0" toLane="2" via=":1100853216-AddedOffRampNode_0_2" dir="s" state="M"/>
    <connection from="1100853216" to="1100853216-AddedOffRampEdge" fromLane="1" toLane="3" via=":1100853216-AddedOffRampNode_0_3" dir="s" state="M"/>
    <connection from="1100853216-AddedOffRampEdge" to="1100853202" fromLane="0" toLane="0" via=":10075091933_0_0" dir="s" state="M"/>
    <connection from="1100853216-AddedOffRampEdge" to="1100853202" fromLane="1" toLane="1" via=":10075091933_0_1" dir="s" state="M"/>
    <connection from="1100853216-AddedOffRampEdge" to="1100853212#1" fromLane="2" toLane="0" via=":10075091933_2_0" dir="s" state="M"/>
    <connection from="1100853216-AddedOffRampEdge" to="1100853212#1" fromLane="3" toLane="1" via=":10075091933_2_1" dir="s" state="M"/>

    <connection from=":10075081591_0" to="1100853200#0" fromLane="0" toLane="0" dir="s" state="M"/>
    <connection from=":10075081591_0" to="1100853200#0" fromLane="1" toLane="1" dir="s" state="M"/>
    <connection from=":10075081591_2" to="1100853210#1" fromLane="0" toLane="0" dir="s" state="M"/>
    <connection from=":10075081591_2" to="1100853210#1" fromLane="1" toLane="1" dir="s" state="M"/>
    <connection from=":10075091932_0" to="1100853212#2-AddedOnRampEdge" fromLane="0" toLane="0" dir="s" state="M"/>
    <connection from=":10075091932_0" to="1100853212#2-AddedOnRampEdge" fromLane="1" toLane="1" dir="s" state="M"/>
    <connection from=":10075091932_2" to="1100853212#2-AddedOnRampEdge" fromLane="0" toLane="2" dir="s" state="M"/>
    <connection from=":10075091932_2" to="1100853212#2-AddedOnRampEdge" fromLane="1" toLane="3" dir="s" state="M"/>
    <connection from=":10075091933_0" to="1100853202" fromLane="0" toLane="0" dir="s" state="M"/>
    <connection from=":10075091933_0" to="1100853202" fromLane="1" toLane="1" dir="s" state="M"/>
    <connection from=":10075091933_2" to="1100853212#1" fromLane="0" toLane="0" dir="s" state="M"/>
    <connection from=":10075091933_2" to="1100853212#1" fromLane="1" toLane="1" dir="s" state="M"/>
    <connection from=":10075091960_0" to="1100853200#1-AddedOnRampEdge" fromLane="0" toLane="2" dir="s" state="M"/>
    <connection from=":10075091960_0" to="1100853200#1-AddedOnRampEdge" fromLane="1" toLane="3" dir="s" state="M"/>
    <connection from=":10075091960_2" to="1100853200#1-AddedOnRampEdge" fromLane="0" toLane="0" dir="s" state="M"/>
    <connection from=":10075091960_2" to="1100853200#1-AddedOnRampEdge" fromLane="1" toLane="1" dir="s" state="M"/>
    <connection from=":10075091961_0" to="1100853207" fromLane="0" toLane="0" dir="s" state="M"/>
    <connection from=":10075091961_0" to="1100853207" fromLane="1" toLane="1" dir="s" state="M"/>
    <connection from=":10075091961_2" to="1100853203#1" fromLane="0" toLane="0" dir="s" state="M"/>
    <connection from=":10075091961_2" to="1100853203#1" fromLane="1" toLane="1" dir="s" state="M"/>
    <connection from=":10075091974_0" to="1100853210#2-AddedOnRampEdge" fromLane="0" toLane="0" dir="s" state="M"/>
    <connection from=":10075091974_0" to="1100853210#2-AddedOnRampEdge" fromLane="1" toLane="1" dir="s" state="M"/>
    <connection from=":10075091974_2" to="1100853210#2-AddedOnRampEdge" fromLane="0" toLane="2" dir="s" state="M"/>
    <connection from=":10075091974_2" to="1100853210#2-AddedOnRampEdge" fromLane="1" toLane="3" dir="s" state="M"/>
    <connection from=":1016463159-AddedOffRampNode_0" to="1016463159-AddedOffRampEdge" fromLane="0" toLane="0" dir="s" state="M"/>
    <connection from=":1016463159-AddedOffRampNode_0" to="1016463159-AddedOffRampEdge" fromLane="1" toLane="1" dir="s" state="M"/>
    <connection from=":1016463159-AddedOffRampNode_0" to="1016463159-AddedOffRampEdge" fromLane="2" toLane="2" dir="s" state="M"/>
    <connection from=":1016463159-AddedOffRampNode_0" to="1016463159-AddedOffRampEdge" fromLane="3" toLane="3" dir="s" state="M"/>
    <connection from=":1100853210#2-AddedOnRampNode_0" to="1100853210#2" fromLane="0" toLane="0" dir="s" state="M"/>
    <connection from=":1100853210#2-AddedOnRampNode_0" to="1100853210#2" fromLane="1" toLane="1" dir="s" state="M"/>
    <connection from=":1100853212#2-AddedOnRampNode_0" to="1100853212#2" fromLane="0" toLane="0" dir="s" state="M"/>
    <connection from=":1100853212#2-AddedOnRampNode_0" to="1100853212#2" fromLane="1" toLane="1" dir="s" state="M"/>
    <connection from=":1100853216-AddedOffRampNode_0" to="1100853216-AddedOffRampEdge" fromLane="0" toLane="0" dir="s" state="M"/>
    <connection from=":1100853216-AddedOffRampNode_0" to="1100853216-AddedOffRampEdge" fromLane="1" toLane="1" dir="s" state="M"/>
    <connection from=":1100853216-AddedOffRampNode_0" to="1100853216-AddedOffRampEdge" fromLane="2" toLane="2" dir="s" state="M"/>
    <connection from=":1100853216-AddedOffRampNode_0" to="1100853216-AddedOffRampEdge" fromLane="3" toLane="3" dir="s" state="M"/>
    <connection from=":9237191173_0" to="1100853208" fromLane="0" toLane="0" dir="t" state="M"/>
    <connection from=":9237191176_0" to="-1000719831" fromLane="0" toLane="0" dir="t" state="M"/>

</net>
